{"bf": [313, 310, 279, 304, 305, 292, 306, 303, 298, 295, 297, 288, 313, 291, 280, 300, 309, 269, 299, 290, 300, 288, 314, 291, 291, 316, 289, 297, 315, 304, 299, 316, 304, 295, 275, 257, 255, 251, 319, 284, 289, 312, 316, 291, 271, 302, 281, 283, 294, 275, 287], "bs": [52, 51, 52, 53, 51, 49, 53, 52, 49, 46, 51, 51, 48, 47, 52, 54, 48, 49, 53, 41, 62, 51, 50, 43, 50, 61, 41, 52, 51, 49, 49, 66, 51, 56, 44, 58, 52, 66, 54, 55, 55, 56, 52, 46, 52, 43, 48, 53, 52, 50, 58], "sd": [103, 88, 85, 91, 91, 91, 91, 93, 95, 87, 86, 96, 104, 84, 87, 94, 95, 66, 96, 96, 78, 97, 102, 92, 93, 92, 30, 94, 89, 107, 96, 83, 92, 95, 90, 77, 99, 63, 94, 84, 90, 92, 98, 90, 87, 105, 96, 89, 99, 94, 85], "df": [158, 171, 142, 160, 163, 152, 162, 158, 154, 162, 160, 141, 161, 160, 141, 152, 166, 154, 150, 153, 160, 140, 162, 156, 148, 163, 218, 151, 175, 148, 154, 167, 161, 144, 141, 122, 104, 122, 171, 145, 144, 164, 166, 155, 132, 154, 137, 141, 143, 131, 144], "sf": [261, 259, 227, 251, 254, 243, 253, 251, 249, 249, 246, 237, 265, 244, 228, 246, 261, 220, 246, 249, 238, 237, 264, 248, 241, 255, 248, 245, 264, 255, 250, 250, 253, 239, 231, 199, 203, 185, 265, 229, 234, 256, 264, 245, 219, 259, 233, 230, 242, 225, 229], "rr": [312, 311, 280, 302, 303, 296, 305, 300, 295, 300, 297, 285, 312, 296, 282, 294, 310, 273, 287, 311, 289, 287, 307, 298, 296, 300, 296, 304, 316, 301, 309, 283, 289, 251, 269, 239, 320, 284, 290, 308, 310, 297, 262, 307, 286, 282, 292, 283], "asd": [238.33365040865738, 210.2974255121636, 240.38118518456417, 272.84536303025845, 283.122028554664, 234.9902434098741, 249.79473625457751, 261.0006784503412, 262.95486410843387, 255.78085087564784, 289.1299162353786, 254.22342486730167, 268.9980294326474, 226.5389273951364, 261.92431198300585, 275.9851302691591, 254.81897427039462, 231.350212838096, 270.4001058808608, 223.5899007363929, 258.34619142361305, 254.39190509074376, 260.7872471963359, 230.34766571943703, 286.4223751721041, 267.03937263038654, 116.08961870219412, 259.53617719878355, 279.13657729985187, 295.62188636220776, 274.8416022547856, 138.68378684677543, 189.22916105914283, 214.76805628808995, 185.24281401403493, 193.19201751270316, 218.51694194445588, 155.3449895298687, 160.84215704650865, 122.7806836048145, 143.6319932715469, 167.88679760609466, 177.5935041686007, 154.32782254270592, 236.43657001741565, 263.9683120105884, 253.5698712858673, 252.54893557144987, 219.75000765770346, 195.0096621723519, 169.7954336835818], "asf": [824.1264004996407, 798.4733582203409, 762.3475436472391, 887.0311584838192, 864.3367015912588, 843.3950637398666, 845.9750119109981, 845.2475797792284, 815.6798527673675, 860.2016458467315, 893.0503150010364, 766.4529860298305, 871.816019113737, 830.0148739263173, 780.7936391306838, 828.5602009968976, 865.2212860803967, 799.2421137460236, 784.1721085423692, 800.4316829906062, 874.0252517934983, 751.3109317633446, 845.218463168393, 793.9469752347226, 804.4576493896936, 859.0285784058568, 768.5399975189304, 824.535421651429, 872.856667687048, 850.3642561473122, 876.4104952453007, 830.7393241683731, 767.0086987244888, 759.6687847958563, 770.9431830685024, 630.0311947508292, 575.2872759256657, 570.5325627153928, 796.2637545521802, 638.2358681440686, 637.6860202076324, 733.1733062419631, 802.5354115349568, 739.404233465732, 774.881385889781, 882.0240659718395, 786.4809617876463, 796.1317299618429, 818.7241000202058, 678.0278975614101, 670.4711836155134], "ptt": [-33, -44, -2, -48, -49, -39, -47, -49, -46, -37, -47, -14, -47, -49, -25, -47, -42, -49, -43, -36, -48, -19, -47, -47, -45, -49, -32, -36, -46, -45, -10, -49, -14, -34, -30, -27, -46, -22, -48, -12, -47, -49, -20, -31, -49, -40, -18, -48, -15, -29]}