{"bf": [240, 257, 278, 281, 277, 254, 264, 245, 242, 253, 227, 246, 236, 231, 264, 242, 262, 235, 249, 242, 236, 245, 244, 247, 265, 256, 238, 265, 256, 250, 268, 273], "bs": [44, 45, 46, 46, 45, 46, 44, 45, 44, 45, 31, 43, 44, 42, 41, 36, 46, 40, 44, 41, 40, 43, 42, 40, 47, 38, 45, 48, 45, 36, 45, 39], "sd": [59, 73, 65, 82, 88, 67, 83, 61, 90, 78, 75, 78, 72, 64, 67, 82, 75, 77, 81, 72, 56, 74, 71, 53, 75, 76, 65, 70, 185, 81, 78, 82], "df": [137, 139, 167, 153, 144, 141, 137, 139, 108, 130, 121, 125, 120, 125, 156, 124, 141, 118, 124, 129, 140, 128, 131, 154, 143, 142, 128, 147, 26, 133, 145, 152], "sf": [196, 212, 232, 235, 232, 208, 220, 200, 198, 208, 196, 203, 192, 189, 223, 206, 216, 195, 205, 201, 196, 202, 202, 207, 218, 218, 193, 217, 211, 214, 223, 234], "rr": [241, 278, 280, 278, 252, 265, 244, 243, 239, 247, 234, 252, 239, 239, 244, 254, 263, 241, 247, 259, 262], "asd": [372.16405593909275, 408.6529847279559, 446.95904346378313, 420.22705810429926, 434.05533325276105, 469.09681074995274, 458.14434726052025, 445.62067756484294, 423.51978588600775, 383.2145828790606, 420.2176317076209, 470.22607808685905, 481.1532264624384, 349.81505564365744, 328.44582726362586, 442.6534372057406, 451.0669797042139, 372.17556873630144, 435.3663909991036, 482.8358288310552, 296.00645500847685, 497.2707834706774, 474.17538307429163, 378.1583347802743, 469.63003568346784, 367.3679266534062, 484.51948489936126, 476.0828204072291, 732.7753692265183, 479.471992018758, 501.26770325145986, 457.73604127136764], "asf": [676.5139868040463, 760.0576600471622, 724.1084949001281, 676.0955298280603, 654.7610851194578, 720.234618100314, 698.2844074103209, 686.2797138150997, 639.80828332129, 642.7382326209286, 683.02514649146, 764.2711979943621, 742.7666546206569, 665.0744456822894, 658.1893789718333, 694.7613583143316, 752.4967445137952, 668.6316605636233, 704.9790010913093, 797.6180077105706, 629.1694049237276, 777.5567853863025, 754.2448096722766, 674.6185058522276, 780.7026146109799, 643.9157372685099, 744.4417188201421, 763.6244238308078, 771.3264582952365, 766.0021966062659, 813.8272750019217, 798.6196022644789], "ptt": [-2, -3, -2, -1, -5, -2, -5, -1, -4, -1, -2, -2, -2, -4, -1, -1, -5, -4, -3, -3, -1, -8]}