{"bf": [293, 299, 295, 292, 298, 296, 294, 304, 300, 298, 302, 286, 293, 296, 283, 277, 282, 288, 283, 293, 299, 287, 293, 294, 295, 291, 310, 296, 290, 289, 300, 285, 288, 296, 299, 304, 302, 310, 303, 299, 291, 304, 302, 301, 299, 303, 285], "bs": [51, 57, 51, 54, 55, 47, 51, 53, 53, 47, 51, 52, 51, 52, 54, 53, 52, 42, 56, 54, 52, 53, 55, 60, 53, 53, 54, 53, 53, 54, 55, 43, 54, 54, 53, 52, 55, 56, 53, 44, 51, 67, 54, 46, 50, 53, 52], "sd": [100, 93, 87, 94, 93, 98, 89, 94, 103, 96, 88, 82, 99, 101, 95, 94, 99, 95, 80, 89, 96, 95, 88, 84, 94, 95, 98, 97, 100, 96, 98, 97, 98, 98, 97, 93, 86, 94, 100, 99, 92, 84, 95, 98, 89, 95, 93], "df": [142, 149, 157, 144, 150, 151, 154, 157, 144, 155, 163, 152, 143, 143, 134, 130, 131, 151, 147, 150, 151, 139, 150, 150, 148, 143, 158, 146, 137, 139, 147, 145, 136, 144, 149, 159, 161, 160, 150, 156, 148, 153, 153, 157, 160, 155, 140], "sf": [242, 242, 244, 238, 243, 249, 243, 251, 247, 251, 251, 234, 242, 244, 229, 224, 230, 246, 227, 239, 247, 234, 238, 234, 242, 238, 256, 243, 237, 235, 245, 242, 234, 242, 246, 252, 247, 254, 250, 255, 240, 237, 248, 255, 249, 250, 233], "rr": [299, 293, 298, 293, 290, 300, 296, 304, 294, 302, 303, 285, 294, 298, 282, 276, 272, 302, 281, 291, 300, 289, 298, 287, 295, 292, 309, 296, 291, 290, 288, 296, 288, 295, 298, 307, 303, 307, 294, 306, 307, 291, 294, 305, 302, 302], "asd": [368.84578436314007, 360.69003263083596, 309.76372290324105, 330.8877255494607, 359.0599367983443, 348.0021267042183, 356.0325436279211, 351.3638862184125, 347.1292630083766, 274.9058988917493, 340.7045804340919, 173.41523838971375, 377.0818935294841, 373.6643336141466, 353.1895064569335, 376.82906749433073, 331.97391335292855, 366.16449390460764, 353.4213428070981, 353.365257730734, 370.5416923189604, 329.3222224288837, 336.04662319807096, 331.14883540569576, 325.8542605798867, 351.48447172645604, 350.43005303844507, 319.40191152262094, 373.27327470769126, 361.1978437605296, 369.33975905056866, 327.76008425201405, 379.4968688466171, 367.7498382191445, 337.3974247067888, 356.7176603035821, 355.13197566567817, 359.42331315563524, 319.92497494231907, 358.205888918739, 318.97462838275965, 312.17854927060716, 353.3945566469122, 360.7338088875823, 314.792248686349, 357.9147316831004, 360.72468399451554], "asf": [807.4477522741412, 823.5543334192437, 767.709117143102, 774.2967633177891, 813.978727973274, 814.7568156191246, 854.2322615735131, 866.574699209727, 705.985159178988, 769.9399022097364, 847.6732496335068, 642.3905069418637, 819.0206119352756, 823.6948482970175, 793.5868784577756, 803.5784244148003, 756.2799192153763, 810.936885566155, 813.2547238873116, 819.3126956103308, 808.1488850210926, 794.2893853291168, 801.3142153362121, 811.0508976912532, 777.2319542050712, 819.3177810235984, 861.3717799161194, 774.0982752028458, 864.1786415414414, 822.7658561624348, 825.8083700848952, 772.7714897464447, 849.8496102556608, 819.5544147640396, 748.3434510288503, 829.8631074321225, 847.2896411788329, 852.8178833905312, 806.3331886152016, 843.92866023935, 808.0092632047453, 761.3268350498822, 818.5216527298769, 848.8036790743114, 778.4369504371605, 848.2713509998396, 847.4127314764097], "ptt": [6, 14, 8, 7, 12, 14, 5, 12, 10, 7, 8, 10, 10, 9, 5, 10, 8, 1, 11, 8, 9, 7, 10, 16, 7, 9, 10, 16, 5, 10, 8, 8, 10, 8, 8, 7, 11, 14, 9, 8, 12, 8, 11, 9, 13, 7]}