{"bf": [284, 287, 296, 283, 287, 302, 301, 297, 286, 286, 288, 288, 273, 278, 299, 284, 283, 286, 283, 288, 283, 286, 283, 279, 270, 273, 264, 294, 296, 286, 289, 293, 301, 290, 293, 312, 307, 308, 311, 313, 317, 313, 311, 286, 304], "bs": [51, 51, 54, 48, 54, 56, 53, 51, 52, 52, 52, 53, 54, 54, 53, 52, 55, 50, 57, 52, 51, 54, 53, 49, 54, 54, 52, 52, 43, 47, 52, 55, 51, 51, 53, 54, 51, 59, 52, 53, 59, 51, 52, 54, 51], "sd": [101, 94, 97, 95, 91, 99, 99, 97, 91, 92, 99, 97, 95, 111, 92, 102, 100, 100, 84, 94, 98, 92, 92, 91, 87, 96, 88, 98, 99, 95, 96, 33, 99, 92, 93, 96, 96, 87, 86, 87, 90, 98, 92, 88, 97], "df": [132, 142, 145, 140, 142, 147, 149, 149, 143, 142, 137, 138, 124, 113, 154, 130, 128, 136, 142, 142, 134, 140, 138, 139, 129, 123, 124, 144, 154, 144, 141, 205, 151, 147, 147, 162, 160, 162, 173, 173, 168, 164, 167, 144, 156], "sf": [233, 236, 242, 235, 233, 246, 248, 246, 234, 234, 236, 235, 219, 224, 246, 232, 228, 236, 226, 236, 232, 232, 230, 230, 216, 219, 212, 242, 253, 239, 237, 238, 250, 239, 240, 258, 256, 249, 259, 260, 258, 262, 259, 232, 253], "rr": [284, 290, 290, 289, 289, 299, 299, 298, 286, 286, 289, 273, 287, 278, 293, 278, 287, 286, 285, 279, 284, 270, 271, 264, 285, 300, 291, 292, 289, 301, 292, 294, 309, 315, 301, 312, 319, 309, 314, 313, 283], "asd": [163.87936988268302, 308.6518569908816, 305.5735310376926, 253.3648211829494, 208.009865555459, 295.6725428105034, 295.8089444252364, 270.5088541334205, 308.20496058853405, 329.49515584114687, 297.6407750828842, 215.51105675533586, 304.6008104876134, 226.8773080757212, 337.5781556350429, 250.1048014391111, 258.6155794424533, 298.4262485597927, 313.4700395142538, 307.04335232940787, 286.961111525316, 277.6198162321076, 296.26465399216335, 259.56217684692217, 290.04409919637754, 292.06697692031105, 303.2732262054327, 315.2847152178657, 289.76193397347794, 255.60857703177703, 273.6169770341912, 225.92282709880521, 260.0099080189219, 289.7392428823232, 307.4539686840755, 271.66764992522747, 260.8938445535315, 254.90704905293796, 267.9258239627259, 285.5609666238745, 262.720907511322, 283.6721118416017, 241.86553566405746, 243.05166367535867, 297.20800876847045], "asf": [480.80646365904545, 675.0382684364947, 686.3853281451042, 612.8220182789952, 618.3409556671626, 653.1162805463746, 650.2519480523642, 645.1389819311768, 686.9799187453241, 706.1358206089736, 648.2210256988064, 509.6334893548309, 636.3344829822698, 504.89659570698336, 740.4020102866752, 556.0786893717959, 583.5256505785449, 580.0738160827252, 681.7851039683129, 670.6212470561508, 639.6759711306235, 617.3170413087498, 617.3941276978654, 605.0466484759645, 625.1479094135013, 582.8436009751603, 645.4752450651557, 658.368190167753, 640.072288344879, 572.5828454098965, 615.4464773019595, 635.9824340861688, 629.9912609776568, 653.0860145659826, 666.3660875241053, 636.6586274021854, 641.5812991790851, 634.7618933341224, 673.077943216096, 673.4526088193013, 645.3855204592329, 690.4865473094725, 638.5390895708476, 585.9695866444616, 693.4934597054643], "ptt": [9, 9, 6, 6, 1, 2, 1, 4, 3, 9, 7, 7, 4, 2, 15, 6, 1, 9, 6, 3, 11, 5, 7, 8, 7, 2, 8, 6, 6, 5, 4, 5, 15, 4, 3, 12, 3, 4, 6, 1]}