{"bf": [331, 329, 350, 339, 317, 307, 316, 319, 284, 291, 305, 286, 286, 293, 265, 270, 263, 249, 264, 252, 270, 258, 270, 256, 265, 254], "bs": [56, 35, 48, 49, 44, 51, 55, 52, 48, 55, 53, 46, 50, 51, 48, 52, 47, 50, 52, 45, 48, 38, 50, 41, 53, 47], "sd": [94, 99, 101, 95, 101, 91, 106, 85, 102, 87, 96, 100, 80, 97, 92, 98, 93, 197, 75, 103, 95, 78, 86, 105, 94, 93], "df": [181, 195, 201, 195, 172, 165, 155, 182, 134, 149, 156, 140, 156, 145, 125, 120, 123, 2, 137, 104, 127, 142, 134, 110, 118, 114], "sf": [275, 294, 302, 290, 273, 256, 261, 267, 236, 236, 252, 240, 236, 242, 217, 218, 216, 199, 212, 207, 222, 220, 220, 215, 212, 207], "rr": [310, 342, 351, 334, 324, 311, 313, 315, 291, 289, 298, 290, 287, 290, 269, 265, 266, 251, 257, 255, 260, 270, 261, 268, 259], "asd": [397.72860254028825, 381.4678349551414, 325.4798373745354, 257.7792780504149, 330.77760487227204, 342.0877753453697, 363.16381953967334, 375.35494227731544, 339.3976974274399, 373.3845454191369, 374.30551806040245, 359.64041939069176, 414.8555397776697, 423.82094593609156, 337.3041344403268, 444.7487489212996, 389.2246349735728, 769.7716267373498, 489.56845599076513, 509.01105469779037, 491.42997536630105, 479.3895460531525, 526.1289419243802, 507.4996356784206, 493.9151268751634, 387.85231834754074], "asf": [614.3098196709971, 606.334514985243, 550.9337440536935, 482.4975459003299, 527.6870358243143, 538.7864340995591, 567.6195418150252, 583.3212633605541, 548.763793785667, 597.4547060608976, 615.0184764433236, 616.614093630681, 684.0858828003422, 673.7857432031059, 587.512406148138, 684.4840549114558, 674.6758643044202, 772.0904841580771, 789.2738292711564, 780.4034011007508, 777.3736285180482, 783.3560126222727, 834.9705586942109, 773.0314384328921, 761.6755788601233, 656.2400343676499], "ptt": [-12, -13, -15, -10, -14, -17, -9, -11, -13, -9, -12, -6, -12, -15, -8, -6, -9, -9, -7, -7, -4, -1, -8, -8, -9, -1]}