{"bf": [262, 271, 275, 269, 271, 265, 286, 275, 271, 260, 258, 267, 252, 238, 251, 267, 247, 259, 285, 250, 277, 262, 277, 258, 269, 285, 269, 280, 257, 261, 254, 266, 260, 249, 260, 255, 265, 285, 251], "bs": [51, 52, 43, 52, 49, 48, 51, 50, 51, 45, 49, 50, 52, 50, 46, 49, 42, 46, 53, 38, 50, 41, 50, 37, 39, 45, 53, 51, 47, 49, 47, 50, 52, 40, 51, 44, 47, 58, 37], "sd": [90, 82, 188, 91, 46, 75, 233, 85, 100, 95, 96, 196, 82, 71, 106, 86, 84, 105, 93, 93, 83, 101, 89, 106, 98, 88, 94, 74, 87, 97, 85, 92, 96, 94, 179, 86, 88, 82, 93], "df": [121, 137, 44, 126, 176, 142, 2, 140, 120, 120, 113, 21, 118, 117, 99, 132, 121, 108, 139, 119, 144, 120, 138, 115, 132, 152, 122, 155, 123, 115, 122, 124, 112, 115, 30, 125, 130, 145, 121], "sf": [211, 219, 232, 217, 222, 217, 235, 225, 220, 215, 209, 217, 200, 188, 205, 218, 205, 213, 232, 212, 227, 221, 227, 221, 230, 240, 216, 229, 210, 212, 207, 216, 208, 209, 209, 211, 218, 227, 214], "rr": [284, 266, 270, 268, 285, 276, 265, 269, 250, 234, 254, 266, 270, 262, 268, 271, 264, 267, 259, 259, 253, 276, 264], "asd": [480.117584719819, 531.7778416784738, 712.6187069868847, 485.40208894747263, 367.10376070123175, 456.7803917900529, 741.8167966951286, 459.98921110186956, 448.75406683537614, 426.4634809207085, 457.4617699568321, 715.9525937161136, 503.28786056649255, 481.43508048125534, 497.41178977837427, 530.9508847727138, 434.9849966870496, 483.83805254613884, 560.7212709987243, 431.16397644141296, 519.3749726981182, 485.7189773002379, 535.469208735215, 500.43593556212835, 512.6648437548376, 528.1730670690114, 486.8953957529473, 473.3870248915213, 442.4267474002786, 568.8115079165997, 463.12864182718243, 566.6694067799926, 590.8610975217869, 531.4016648039131, 849.3379815074082, 503.85115257188005, 449.36716952219774, 559.3489870392939, 439.7035970440461], "asf": [757.8116313024132, 835.729982800475, 761.0322961626638, 743.6616798855567, 705.7587448368112, 719.7113401952322, 742.8458357461113, 702.3104831504272, 675.1059931870186, 670.4659756668843, 685.5301079974979, 740.5736430838505, 785.4293873709197, 748.8550049819727, 761.0821348796026, 821.8970623620604, 716.7778349293959, 759.3217966730117, 835.8830262630463, 691.489843758311, 793.1139534247648, 770.9164626854962, 829.7162806290695, 778.1325914867298, 814.0666682062081, 822.2472092472277, 759.7756507068136, 767.4237128182691, 731.1637349544151, 836.1324825677164, 738.4601978461537, 841.8000759507335, 892.5488180297203, 808.9681469294106, 887.036937759704, 797.6505845860387, 691.4518684556429, 888.3867140873967, 724.912854463683], "ptt": [-8, -6, -6, -7, -5, -6, -9, -8, -6, -7, -6, -8, -6, -6, -8, -5, -6, -3, -1, -6, -3, -5, -14, -6, -6, -5, -6, -7, -12, -5, -7, -6, -6, -4, -6, -8]}