{"bf": [297, 292, 299, 300, 298, 301, 300, 296, 296, 290, 311, 296, 296, 306, 307, 312, 311, 322, 310, 312, 323, 323, 309, 322, 307, 323, 316, 319, 323, 300, 317, 324, 307, 326, 293, 307, 307, 309], "bs": [57, 61, 76, 52, 66, 70, 67, 62, 76, 76, 71, 165, 66, 72, 79, 63, 56, 72, 71, 78, 69, 67, 46, 63, 57, 64, 66, 65, 64, 58, 72, 78, 68, 64, 62, 68, 67, 67], "sd": [92, 78, 77, 88, 83, 73, 83, 76, 80, 72, 74, -95, 75, 82, 83, 82, 85, 76, 76, 67, 90, 90, 92, 93, 84, 94, 80, 85, 71, 83, 66, 76, 85, 79, 80, 70, 77, 88], "df": [148, 153, 146, 160, 149, 158, 150, 158, 140, 142, 166, 226, 155, 152, 145, 167, 170, 174, 163, 167, 164, 166, 171, 166, 166, 165, 170, 169, 188, 159, 179, 170, 154, 183, 151, 169, 163, 154], "sf": [240, 231, 223, 248, 232, 231, 233, 234, 220, 214, 240, 131, 230, 234, 228, 249, 255, 250, 239, 234, 254, 256, 263, 259, 250, 259, 250, 254, 259, 242, 245, 246, 239, 262, 231, 239, 240, 242], "rr": [301, 307, 314, 302, 298, 295, 310, 296, 285, 197, 302, 313, 291, 305, 327, 321, 317, 303, 321, 302, 326, 316, 314, 315, 318, 314, 323, 314, 303, 299, 306, 307], "asd": [273.5005158826151, 249.03725937783133, 285.5549523242653, 308.78173290295706, 253.16249860376308, 236.87377700695993, 238.80699926251168, 246.12829035513812, 209.80055692240546, 209.87554223090967, 215.71758343426177, 134.8260343584277, 190.80659596545547, 207.07888466889654, 173.69372072294095, 220.0471948781434, 172.04510385035803, 145.5875572642127, 183.96797844909008, 183.72209004622437, 201.28334944838957, 210.3243078211832, 195.03730332410123, 168.8248549391136, 156.7006039081955, 206.71720634417966, 158.11720536559153, 191.22341555584137, 162.30050025177275, 172.1254950480511, 176.40755475219646, 160.4656659080556, 183.65254758047251, 200.3935784876751, 154.9351358445855, 188.61875182119627, 192.15478086768258, 215.87328584164823], "asf": [737.9095881214862, 756.2473291316209, 814.5273093488047, 831.597953689861, 755.1126522957976, 736.1043690099848, 718.7226208864176, 755.762535715031, 712.5175092631741, 668.1443870934422, 687.2142878673827, 782.9122833729336, 687.7720428098066, 735.595199190956, 620.9285155160018, 703.5390079227659, 697.8109598736687, 688.5864369228387, 710.2796423777901, 750.0369601768255, 740.8606752078966, 714.5191475884105, 743.6586722978757, 740.105413512493, 669.4939810405425, 769.0185047206946, 666.5895399845557, 707.266920110301, 756.735316471328, 715.1006509179138, 766.381091593258, 712.6744277794683, 673.9382193964798, 798.1062509986939, 686.1792593104329, 788.9694897994107, 795.2101209627228, 765.191235710975], "ptt": [25, 17, 25, 3, 9, 14, 16, 12, 20, 5, 50, 13, 21, 6, 6, 4, 5, 4, 1, 2, 18, 3, 9, 19, 7, 6, 2, 17, 1]}