{"bf": [314, 320, 306, 331, 329, 305, 315, 306, 320, 320, 320, 322], "bs": [63, 65, 61, 62, 54, 62, 65, 66, 71, 56, 64, 64], "sd": [86, 83, 98, 104, 101, 97, 75, 86, 87, 88, 76, 89], "df": [165, 172, 147, 165, 174, 146, 175, 154, 162, 176, 180, 169], "sf": [251, 255, 245, 269, 275, 243, 250, 240, 249, 264, 256, 258], "rr": [316, 316, 307, 323, 308, 316, 311, 305, 328, 320], "asd": [227.2265100274252, 230.52018428896895, 227.22758856918665, 257.1277760201234, 226.75368931638195, 249.299524881651, 260.28454741659846, 226.96332452525212, 238.7019498542153, 215.19872981061962, 159.9475623309462, 198.11334089486832], "asf": [904.2497127589527, 886.3566462973728, 762.9566162209701, 897.0072869399569, 862.493464215831, 877.2327623283563, 918.3198724081474, 760.895601280484, 817.0639555665382, 860.9198880721941, 801.7212369970853, 783.7059734950548], "ptt": [9, 5, 2, 3, 11, 15, 10, 12]}