{"bf": [275, 273, 282, 257, 274, 256, 271, 256, 294, 274, 270, 298, 293, 258, 254, 256, 241, 269, 261, 233, 343, 283, 228, 252, 267, 272, 256, 245, 254, 272], "bs": [51, 55, 52, 49, 51, 52, 64, 40, 54, 50, 52, 58, 65, 52, 45, 53, 50, 51, 54, 54, 110, 56, 57, 38, 52, 46, 50, 48, 57, 49], "sd": [88, 69, 101, 94, 105, 88, 80, 116, 95, 103, 94, 98, 42, 100, 109, 93, 86, 110, 82, 98, 81, 79, 89, 112, 136, 108, 97, 105, 92, 95], "df": [136, 149, 129, 114, 118, 116, 127, 100, 145, 121, 124, 142, 186, 106, 100, 110, 105, 108, 125, 81, 152, 148, 82, 102, 79, 118, 109, 92, 105, 128], "sf": [224, 218, 230, 208, 223, 204, 207, 216, 240, 224, 218, 240, 228, 206, 209, 203, 191, 218, 207, 179, 233, 227, 171, 214, 215, 226, 206, 197, 197, 223], "rr": [279, 270, 279, 259, 275, 268, 247, 290, 276, 276, 251, 262, 253, 242, 272, 261, 289, 289, 284, 266, 261, 276, 254, 254, 246], "asd": [151.13669520035546, 177.63618887345046, 260.22775929045247, 238.1317416724945, 230.3289509367603, 227.39709410799958, 227.81071675914245, 115.43735303813799, 227.6302718459283, 228.98569384190102, 322.53091950008195, 223.97686031642115, 23.486352369893098, 384.8301489459949, 309.1896228308709, 417.2904380064293, 393.1656296429453, 332.06602554257597, 284.8414881328813, 201.93525848625916, 196.56548688934845, 258.947406671796, 398.10330859565846, 315.4186160252483, 417.55111511460143, 360.68876354754957, 336.7330513843169, 412.1091909371005, 335.1186851734267, 60.114877252658175], "asf": [602.25261683811, 666.6505477203983, 734.6240028960569, 733.4756231850282, 704.6309036436442, 700.0254222567319, 863.4288081845931, 516.1676587130928, 791.4151492383207, 685.4935022488331, 864.5835417611902, 807.4227967949523, 887.991266261138, 796.744382494181, 689.2845853264255, 809.1565742451403, 787.2119011245766, 768.0162466535799, 809.8258847509906, 653.8358640039639, 718.2735243592771, 822.3449147077833, 617.8717233934467, 767.2724048846153, 768.0389216136458, 854.3144018394012, 746.5733243758083, 905.4821185440494, 828.41440551102, 545.8172153724315], "ptt": [-5, -49, -40, -5, -7, -8, -8, -45, -1, -13, -7, -27, -6, -10, -24, -10, -4, -14, -20, -25, -6, -18, -9, -14, -1, -8, -12, -10, -7]}