{"bf": [195, 202, 191, 210], "bs": [50, 49, 47, 58], "sd": [61, 84, 75, -26], "df": [84, 69, 69, 178], "sf": [145, 153, 144, 152], "rr": [194, 200], "asd": [404.4539183712828, 416.17520343073573, 355.07196262963214, 287.3004761836876], "asf": [716.5178426958478, 702.6527519899104, 631.9711101225448, 698.4531997482691], "ptt": [-8, -2, -5]}