{"bf": [199], "bs": [51], "sd": [30], "df": [118], "sf": [148], "rr": [], "asd": [114.15086301351278], "asf": [845.7885209037232], "ptt": [-1]}