{"bf": [243, 236], "bs": [58, 57], "sd": [84, 81], "df": [101, 98], "sf": [185, 179], "rr": [], "asd": [389.7559333768433, 436.44128261490334], "asf": [744.9407540124132, 736.3107678352344], "ptt": [1]}