{"bf": [241, 245, 263, 240, 244, 258, 232, 270, 247, 266, 249, 254, 259, 248, 248, 252, 260, 254, 265, 252, 252], "bs": [57, 58, 62, 40, 54, 57, 37, 58, 56, 61, 56, 59, 60, 56, 56, 60, 54, 48, 61, 51, 57], "sd": [181, 83, 94, 107, 80, 96, 94, 91, 78, 95, 86, 99, 86, 91, 82, 98, 93, 42, 92, 93, 83], "df": [3, 104, 107, 93, 110, 105, 101, 121, 113, 110, 107, 96, 113, 101, 110, 94, 113, 164, 112, 108, 112], "sf": [184, 187, 201, 200, 190, 201, 195, 212, 191, 205, 193, 195, 199, 192, 192, 192, 206, 206, 204, 201, 195], "rr": [241, 238, 253, 252, 261, 252, 255, 246, 267, 255], "asd": [756.6219638743531, 410.1587656464232, 445.50860581411723, 433.1976361280301, 432.6086015421682, 481.0121807358713, 443.72726209374224, 499.5821777030526, 438.2259469316708, 528.3523968115064, 520.167596547661, 519.3379263228308, 500.2123495811422, 475.8428158998992, 436.1055712315585, 475.00167217975, 473.95007626508715, 85.3006901223174, 443.3921769826861, 441.8776766064783, 422.18816703543234], "asf": [767.8826230976623, 703.0198250847918, 764.7518788554464, 735.8323644691234, 784.4548522475588, 877.3949062414986, 806.7703231180964, 872.5977452373896, 782.6581438776391, 911.9336193586819, 880.7457758328521, 888.4176910289823, 874.5673604598115, 839.9723820266645, 817.354096262809, 781.6851952535279, 849.0403064820597, 841.0665036607284, 798.1804440712413, 813.0239538241267, 737.6100613269837], "ptt": [-24, -13, -8, -19, -9, -15, -1, -18, -7, -2, -1, -5, -11, -34, -11, -13, -8, -1, -12, -14, -13]}