{"bf": [196, 202, 190, 188, 198, 184, 192, 189, 181, 192, 198, 190, 184, 204, 198, 186, 192, 184, 198, 184, 188, 184, 198, 186, 199, 186, 197, 191, 196, 183, 202, 192, 203, 181, 195, 191, 190, 186, 202, 192, 200, 185, 207, 192, 200, 196, 198, 193, 194, 203, 191, 204, 194, 198, 199, 194, 191, 178, 211, 205, 196, 191, 211, 181, 195, 197, 189, 183, 189, 199, 194, 198, 188, 177, 209, 200, 191, 203, 209, 182, 197, 202], "bs": [55, 54, 47, 50, 52, 44, 52, 49, 47, 54, 50, 50, 46, 51, 48, 50, 48, 50, 48, 45, 49, 44, 54, 50, 52, 51, 46, 50, 48, 42, 54, 52, 56, 46, 46, 51, 47, 44, 61, 49, 51, 46, 49, 46, 58, 47, 49, 52, 47, 52, 45, 55, 48, 59, 47, 54, 52, 49, 71, 50, 50, 46, 58, 34, 60, 48, 49, 51, 48, 49, 45, 48, 47, 42, 66, 50, 49, 52, 57, 37, 54, 49], "sd": [131, 110, 101, 80, 65, 74, 78, 70, 80, 88, 73, 73, 86, 89, 109, 85, 86, 70, 80, 70, 68, 137, 74, 77, 88, 62, 87, 71, 79, 71, 73, 98, 81, 71, 92, 68, 73, 78, 110, 97, 75, 64, 80, 76, 79, 109, 97, 72, 89, 75, 84, 74, 104, 69, 85, 65, 68, 72, 103, 102, 83, 70, 73, 87, 65, 119, 93, 71, 96, 85, 103, 62, 97, 80, 77, 106, 78, 55, 75, 84, 90, 117], "df": [10, 38, 42, 58, 81, 66, 62, 70, 54, 50, 75, 67, 52, 64, 41, 51, 58, 64, 70, 69, 71, 3, 70, 59, 59, 73, 64, 70, 69, 70, 75, 42, 66, 64, 57, 72, 70, 64, 31, 46, 74, 75, 78, 70, 63, 40, 52, 69, 58, 76, 62, 75, 42, 70, 67, 75, 71, 57, 37, 53, 63, 75, 80, 60, 70, 30, 47, 61, 45, 65, 46, 88, 44, 55, 66, 44, 64, 96, 77, 61, 53, 36], "sf": [141, 148, 143, 138, 146, 140, 140, 140, 134, 138, 148, 140, 138, 153, 150, 136, 144, 134, 150, 139, 139, 140, 144, 136, 147, 135, 151, 141, 148, 141, 148, 140, 147, 135, 149, 140, 143, 142, 141, 143, 149, 139, 158, 146, 142, 149, 149, 141, 147, 151, 146, 149, 146, 139, 152, 140, 139, 129, 140, 155, 146, 145, 153, 147, 135, 149, 140, 132, 141, 150, 149, 150, 141, 135, 143, 150, 142, 151, 152, 145, 143, 153], "rr": [195, 195, 193, 190, 190, 192, 189, 187, 188, 186, 189, 201, 200, 184, 194, 182, 195, 188, 183, 194, 194, 188, 198, 181, 201, 189, 190, 195, 200, 196, 193, 181, 200, 187, 187, 203, 190, 194, 195, 188, 204, 204, 189, 198, 201, 188, 199, 196, 201, 197, 205, 186, 206, 192, 188, 200, 190, 205, 192, 203, 187, 207, 183, 198, 191, 180, 190, 195, 197, 197, 183, 201, 193, 199, 194, 208, 189, 199, 192], "asd": [714.2030670435892, 629.6551130561295, 519.6340931420207, 503.45103889960944, 475.28729656153683, 408.7925309622217, 399.40042704197884, 444.0231047059541, 463.0347344919419, 509.9110452848067, 449.0611910313283, 375.79143265737287, 455.7329970511938, 491.0667687158447, 531.076962526311, 457.7179921788132, 481.97741048302066, 517.2678089363712, 397.0294451531947, 383.3233044317714, 432.5452776750134, 676.507002796419, 405.98665254110153, 455.3924989137782, 409.0347695748577, 424.64864201256506, 376.947476965944, 398.53909915347333, 517.8560657175283, 534.8565362648155, 530.8433293031235, 573.2774828944016, 512.5714979408823, 530.4526233518536, 478.2189045514812, 410.3177310118516, 477.17982226221403, 478.43474391076285, 527.6790305971776, 476.58522518788556, 410.91685419204083, 444.8042554305944, 371.06120857066173, 467.16523338071767, 478.42276840419987, 597.9440621985075, 466.86165285690566, 498.03182311419243, 455.39812202974747, 434.8754098583307, 513.483297012543, 491.5554344066741, 456.9120132099739, 428.5925981616296, 393.4544364240497, 347.7892178849442, 432.1321280657628, 434.95255816463657, 563.1603342236089, 476.7403116990835, 391.5679419905542, 421.15537078510533, 418.9002638674973, 502.3552413482388, 491.0764785999753, 466.635869825753, 458.35126535032066, 440.3498184930928, 468.23354009830433, 436.3917629842715, 440.1597503340029, 315.2467331241577, 475.94497562818054, 468.55119220041604, 466.48862475336267, 446.151043239219, 357.15669995086506, 365.22481975202743, 396.7455704120774, 481.80009589897804, 537.5154287687797, 576.7494677749434], "asf": [723.2963425071742, 734.7136495031174, 723.4241197145237, 697.2333743038146, 724.8406262975925, 597.300089594535, 638.6238667859379, 729.1224576601423, 695.8522596267771, 726.3215404612623, 703.3821815819831, 643.0473671968388, 691.3021808584464, 690.9663577305204, 700.5813469921056, 616.0220075450354, 702.3116298692521, 695.930471268759, 613.1149362505171, 622.7032292496336, 738.6802737435238, 677.9361725492475, 582.3290905207693, 608.4393555014387, 631.5631032973105, 647.2712657622828, 586.2526526626464, 614.38250990202, 805.807103986744, 735.011816060697, 729.3939384599996, 744.0781497675151, 735.4953954019327, 745.0068209821492, 676.7277784066445, 673.1939284035456, 768.9751399486377, 711.0844077117616, 635.6685556764716, 666.4640364408187, 637.9191440726902, 686.5318750603797, 635.5149029070175, 747.4255710190555, 684.6978148421921, 729.2555229885451, 682.0609603982475, 720.2377318027361, 675.5220038899964, 722.2365242377991, 760.6344185448879, 682.7076103069458, 677.2783037731558, 660.4611545942777, 605.7966974333178, 584.6859205250212, 684.0297021490189, 666.6106554604262, 665.5085550622905, 678.5447489172151, 580.4896041719313, 629.7779166048148, 711.2364817541463, 761.0022476374387, 614.7512554662675, 549.8607098800427, 630.2111442085699, 646.7036689963011, 638.5705171341865, 645.145442983876, 635.8591626073195, 573.0676640242872, 713.4927371319914, 728.7730377541133, 648.5715941908043, 605.30758691722, 550.6378581841681, 656.4895073084404, 694.9402415702743, 759.9057582467206, 739.6966798823067, 716.3191584747093], "ptt": [-5, -2, -4, -4, -1, -8, -1, -5, -2, -2, -1, -1, -1, -4, -2, -3, -4, -3, -4, -3, -6, -4, -2, -3, -1, -2, -7, -2, -3, -3, -12, -4, -5, -9, -4, -4, -5, -3, -8, -8, -3, -2, -7, -4, -2, -1, -5, -3, -13, -6, -3, -3, -5, -14, -5, -9, -8, -1, -4, -5, -5, -6, -12, -5, -5, -3]}