{"bf": [206, 191, 202, 191, 202, 187, 205, 187, 205, 180, 196, 186, 200, 177, 203, 190, 200, 190, 202, 189, 192, 170, 223, 192, 192, 200, 181, 199, 197, 198, 187, 207, 195, 200, 208, 195, 190, 177, 217, 205, 193, 205, 197, 178, 215, 210, 191, 203, 199, 175, 222, 207, 195, 207, 188, 177, 222, 198, 196, 191, 204, 184, 207, 193, 201, 195, 202, 189, 176, 215, 180, 192, 205, 188, 200, 204, 186, 190, 206, 194, 201, 189, 206, 187, 201], "bs": [60, 56, 50, 51, 56, 46, 56, 46, 51, 43, 46, 47, 58, 38, 56, 48, 52, 52, 45, 44, 46, 46, 73, 45, 49, 45, 55, 53, 46, 49, 48, 54, 49, 56, 52, 45, 49, 49, 75, 50, 48, 45, 56, 41, 71, 52, 49, 47, 55, 50, 87, 51, 51, 43, 47, 55, 76, 48, 56, 45, 63, 47, 56, 51, 49, 50, 47, 49, 49, 76, 50, 57, 60, 51, 48, 61, 39, 54, 54, 50, 49, 46, 61, 46, 53], "sd": [118, 87, 85, 72, 70, 74, 72, 113, 93, 73, 87, 79, 66, 89, 83, 112, 91, 64, 95, 64, 79, 84, 120, 97, 73, 85, 83, 75, 85, 74, 74, 68, 114, 84, 83, 59, 65, 76, 74, 97, 65, 88, 72, 78, 59, 97, 63, 70, 62, 85, 62, 93, 72, 81, 74, 71, 67, 93, 62, 96, 63, 83, 84, 105, 87, 85, 76, 80, 75, 75, 100, 70, 95, 70, 76, 71, 75, 82, 119, 91, 69, 71, 65, 84, 74], "df": [28, 48, 67, 68, 76, 67, 77, 28, 61, 64, 63, 60, 76, 50, 64, 30, 57, 74, 62, 81, 67, 40, 30, 50, 70, 70, 43, 71, 66, 75, 65, 85, 32, 60, 73, 91, 76, 52, 68, 58, 80, 72, 69, 59, 85, 61, 79, 86, 82, 40, 73, 63, 72, 83, 67, 51, 79, 57, 78, 50, 78, 54, 67, 37, 65, 60, 79, 60, 52, 64, 30, 65, 50, 67, 76, 72, 72, 54, 33, 53, 83, 72, 80, 57, 74], "sf": [146, 135, 152, 140, 146, 141, 149, 141, 154, 137, 150, 139, 142, 139, 147, 142, 148, 138, 157, 145, 146, 124, 150, 147, 143, 155, 126, 146, 151, 149, 139, 153, 146, 144, 156, 150, 141, 128, 142, 155, 145, 160, 141, 137, 144, 158, 142, 156, 144, 125, 135, 156, 144, 164, 141, 122, 146, 150, 140, 146, 141, 137, 151, 142, 152, 145, 155, 140, 127, 139, 130, 135, 145, 137, 152, 143, 147, 136, 152, 144, 152, 143, 145, 141, 148], "rr": [202, 185, 203, 196, 192, 197, 195, 192, 197, 183, 197, 197, 180, 195, 195, 194, 200, 183, 201, 191, 192, 197, 195, 196, 188, 210, 179, 192, 200, 197, 193, 202, 202, 196, 201, 199, 190, 203, 192, 203, 190, 216, 182, 208, 196, 207, 189, 211, 194, 212, 186, 207, 187, 211, 196, 198, 194, 206, 185, 209, 188, 193, 202, 191, 202, 192, 204, 189, 203, 189, 187, 195, 196, 185, 213, 182, 201, 190, 202, 193, 198, 204, 191, 194], "asd": [636.8409510360201, 592.0412234597753, 541.3763577432896, 518.9363479223014, 432.5180506689378, 547.7866010507416, 523.096269894492, 623.5948109042813, 525.1107305532058, 483.3063604026426, 516.8694302529856, 452.3208981913953, 520.1126235194836, 546.5423908989453, 540.7790359996588, 644.6292996826403, 564.4747649561479, 540.1438086935368, 505.34055175094164, 426.3571857395615, 514.1502733921945, 504.5498204313493, 590.9775239822228, 520.2443130180022, 456.0720866881288, 443.6071042775142, 444.7321597868855, 478.16496846309826, 452.69551227689834, 389.8558721709406, 528.3985961641184, 521.8600952660737, 613.8644567501074, 509.5997253907101, 518.6011376300962, 391.3424831617019, 512.4342923690854, 511.34224558558725, 558.4670575494592, 488.1905827859305, 465.98919487822616, 436.0378151950975, 447.20478574901875, 497.56592245336856, 460.14877214906136, 498.58467574768554, 475.38996846824585, 424.59703145956433, 448.79692972464755, 499.1104144397058, 488.7552515099689, 484.9131775011247, 477.43164724179275, 368.2489478523871, 442.73420755265727, 464.3323521151415, 462.6726327885795, 474.3042230473519, 439.12049483377405, 411.5313539295756, 415.7664596616934, 513.0516377857082, 513.5098923316029, 572.5020603211349, 517.8494290103854, 497.8478341880124, 387.35555706589145, 585.6719703455185, 519.8029834872996, 538.0697952248067, 532.887927493302, 556.1328327903296, 501.9635564753919, 445.79055669224965, 489.5565663365319, 411.95791525120967, 483.8663441108755, 517.9059471344756, 613.6332511327143, 538.4323178043933, 492.56937569664103, 422.5531325375087, 439.36795700428644, 493.08696371513446, 479.792137862952], "asf": [755.2104704423997, 786.5923140169533, 789.943256108949, 730.5756429060699, 708.505571643729, 860.5072941436576, 747.7645402788474, 753.7216466330906, 759.3494362664026, 696.3274913628028, 704.0315993610461, 637.1389960441966, 855.4609443152134, 835.7417743706717, 735.3961647027129, 773.0634874175303, 790.7477763370823, 769.4439154020054, 735.298481894928, 690.7183302941668, 855.8909279172918, 729.9284066818515, 770.7208429143261, 742.0079968371733, 688.9230463699034, 687.9573622389798, 689.1258154666186, 722.1992852813014, 715.0934471214213, 687.8093255180111, 838.0343925021322, 758.9314912189236, 759.468725004543, 756.6044243990083, 749.2207994672367, 640.9705033305293, 794.9946666352981, 771.4326159152919, 754.0383825643726, 714.2068669365945, 755.1878116110795, 697.2184784325599, 754.6295714609452, 767.7708747606076, 742.2488065236475, 749.9083822916243, 733.4990776221484, 697.8002448317561, 816.5608872445529, 719.6495812008973, 722.6432553564034, 747.9657896224664, 710.9948649114377, 659.4673000863011, 795.775113870949, 700.175423213731, 691.7619734911437, 748.5593784469175, 704.6616746411836, 621.5763114617033, 738.4473816529745, 767.6324492735788, 718.1245989428904, 738.159503213801, 758.5452028937538, 720.3063144162481, 639.2670751456714, 819.8928683316481, 779.4388121131332, 696.2793172208427, 754.5308348765768, 732.1920145303299, 710.5405997248638, 675.0021396593085, 725.1533414736696, 670.4483421664518, 823.9067691050012, 749.0014448875844, 754.9383331816044, 759.1121617477465, 723.0066318904724, 675.3490662454382, 768.5197335911497, 762.6747017541936, 694.3271030109836], "ptt": [-5, -2, -8, -6, -6, -7, -6, -9, -7, -7, -8, -8, -6, -16, -4, -5, -9, -6, -15, -6, -7, -9, -7, -20, -1, -16, -8, -8, -7, -9, -8, -10, -7, -1, -8, -5, -11, -6, -19, -3, -16, -8, -8, -5, -7, -2, -7, -6, -10, -12, -5, -3, -6, -4, -15, -1, -7, -7, -5, -11, -11, -14, -5, -8, -7, -7, -2, -14, -6, -8, -6, -7, -9, -15, -8, -9, -6]}