{"bf": [459, 438, 473, 505], "bs": [285, 186, 180, 230], "sd": [-184, -34, -103, -17], "df": [358, 286, 396, 292], "sf": [174, 252, 293, 275], "rr": [360], "asd": [269.3299102067557, 41.37384840551624, 10.321473985307193, 21.89248997374989], "asf": [480.28195763989584, 280.2043235531254, 387.436941355, 343.6798818647252], "ptt": [13, 5, 10, 44]}