{"bf": [425, 941, 494, 365, 829, 459, 438, 553, 473, 505, 522, 465], "bs": [185, 540, 209, 138, 583, 285, 186, 235, 180, 230, 225, 167], "sd": [0, 0, 0, 0, 0, 0, 0, 0, 0, 0, 0, 0], "df": [0, 0, 0, 0, 0, 0, 0, 0, 0, 0, 0, 0], "sf": [240, 401, 285, 227, 246, 174, 252, 318, 293, 275, 297, 298], "rr": [0, 0, 0, 4342, 0, 0, -6723, 0, 0, 0, 0, 423, 0, 0, 0, 0, 0, 0, 0, 0, 0, 360, 487, -17533, 0, 0, 0, 21784, 0, 0, 0, 0, 0, -24700, 25620, 464, 0, 0], "asd": [0, 0, 0, 0, 0, 0, 0, 0, 0, 0, 0, 0], "asf": [530.117650113415, 254.86608341103118, 289.6271342111944, 288.10838134393816, 258.62990709543476, 480.28195763989584, 280.2043235531254, 313.5761362435046, 387.436941355, 343.6798818647252, 324.3716411663023, 393.2991690050035], "ptt": [-13, -35, -8, -49, -16, -49]}