{"bf": [293, 314, 318, 310, 317, 318, 320, 327, 310, 299, 313, 278, 286, 280, 268, 256, 263, 275, 274, 250, 267, 252, 264, 273, 274, 271, 270, 261, 263], "bs": [49, 51, 53, 50, 49, 51, 54, 56, 51, 52, 55, 50, 49, 48, 51, 51, 60, 48, 42, 49, 50, 50, 48, 51, 51, 56, 55, 50, 51], "sd": [75, 72, 77, 81, 73, 79, 76, 75, 74, 82, 70, 64, 79, 68, 66, 80, 32, 82, 76, 74, 82, 69, 73, 76, 70, 68, 71, 76, 83], "df": [169, 191, 188, 179, 195, 188, 190, 196, 185, 165, 188, 164, 158, 164, 151, 125, 171, 145, 156, 127, 135, 133, 143, 146, 153, 147, 144, 135, 129], "sf": [244, 263, 265, 260, 268, 267, 266, 271, 259, 247, 258, 228, 237, 232, 217, 205, 203, 227, 232, 201, 217, 202, 216, 222, 223, 215, 215, 211, 212], "rr": [295, 316, 315, 309, 319, 321, 322, 322, 311, 302, 277, 285, 283, 268, 269, 281, 251, 267, 270, 262], "asd": [216.030356276436, 258.9065324590948, 183.21124406478987, 221.11337319126176, 177.26741431935147, 167.080161338606, 182.28912316645926, 216.1959531757784, 256.54096095395244, 271.834180845064, 235.95100667986287, 158.68830572694094, 160.24297582672875, 215.89692291078507, 275.29731190924247, 232.58247174231667, 67.42661520413333, 129.564657957892, 161.08546517053742, 234.96456791291348, 290.75196471632535, 223.30868069616986, 211.5981665440762, 210.8792307363202, 173.47819597503815, 279.4488354101634, 211.12293089876164, 321.886957935822, 349.4753365556817], "asf": [883.0793177906933, 918.714657643424, 855.195942956637, 914.3263124963823, 833.0085342296138, 876.6780815898753, 918.1596667139524, 861.1399713283695, 826.8177334115509, 757.8179226536784, 835.2065122726681, 794.582713703501, 752.25574806496, 752.96277224596, 745.4153261703208, 740.7543071665394, 680.7696026105721, 698.0883802841118, 768.6090765154773, 643.3125918998405, 781.4624824558892, 780.2774262074297, 787.8644059592893, 678.281980127745, 787.584321212923, 750.5486770550916, 730.4369478745717, 867.8730394368322, 804.4486440088127], "ptt": [2, 4, 4, 1, 6, 1, 6, 4, 2, 5, 2, 4, 4, 13, 5, 8, 6]}