{"bf": [415, 430], "bs": [141, 138], "sd": [138, 34], "df": [136, 258], "sf": [274, 292], "rr": [], "asd": [283.5717130672595, 21.034626207669703], "asf": [564.263880177371, 487.1180833238175], "ptt": [1]}