{"bf": [438, 287, 448], "bs": [102, 138, 127], "sd": [35, -16, -17], "df": [301, 165, 338], "sf": [336, 149, 321], "rr": [], "asd": [138.81592321341714, 16.694272430091132, 6.885691147655166], "asf": [480.9474892438272, 381.0401780409517, 498.1599312665464], "ptt": [-3, -41]}