{"bf": [456, 452, 465, 455, 347, 445, 401, 461, 434, 429, 446, 451, 446, 443, 432, 468, 438, 448], "bs": [117, 111, 100, 116, 119, 124, 101, 99, 97, 120, 130, 122, 124, 122, 122, 124, 116, 137], "sd": [47, 278, -97, 317, 226, 58, 254, 321, 105, 70, 272, 277, -17, 64, 74, -16, 37, -22], "df": [292, 63, 462, 22, 2, 263, 46, 41, 232, 239, 44, 52, 339, 257, 236, 360, 285, 333], "sf": [339, 341, 365, 339, 228, 321, 300, 362, 337, 309, 316, 329, 322, 321, 310, 344, 322, 311], "rr": [450, 458, 399, 439, 438], "asd": [92.11875118907517, 636.7458287268197, 764.5433931391435, 706.7826943905785, 641.9119862649468, 91.26580063080655, 644.7315976350983, 694.7841442905733, 208.29294794644943, 193.79668108702742, 646.6306380169177, 676.9067226371635, 2.4581388465428518, 172.0634271190878, 111.0477238356458, 2.1555900532640635, 15.436743916183218, 8.785867939879267], "asf": [730.0641467881527, 754.0114793397967, 792.1763176313677, 720.0176907920343, 642.9436967519547, 743.0264817874629, 733.369920848437, 749.7372939952272, 759.607502370673, 699.6309293376468, 742.8021983481051, 748.1707868607565, 709.5750192298138, 764.0862930545131, 686.4626748853943, 756.4091962732466, 700.12940897379, 655.0188364771732], "ptt": [-49, -49, -49, -42, -48, -49, -36, -49, -47, -46, -28, -44, -26, -32, -22, -49, -27]}