{"bf": [133, 282, 292, 241, 307, 260, 294, 193, 223, 223, 296, 189, 216, 122, 273, 267, 314, 296, 347, 274, 263, 208, 224, 334, 193, 397, 290, 173, 358, 274, 253, 211, 349, 289, 188, 290, 169, 371, 282, 202, 423, 299, 335, 251, 200, 277], "bs": [43, 76, 77, 58, 65, 88, 120, 72, 105, 93, 167, 75, 92, 31, 70, 116, 118, 79, 177, 75, 82, 138, 120, 146, 103, 213, 92, 74, 155, 81, 49, 109, 174, 93, 72, 119, 84, 194, 126, 168, 202, 53, 132, 66, 98, 78], "sd": [52, 165, 44, 94, 62, 121, 93, 49, 86, 43, 79, -19, 43, 53, 60, -38, -33, 68, 54, 70, 147, -78, -26, 71, -44, 39, 65, 61, 50, 142, 57, 54, 101, 80, -37, 74, 38, 142, -66, -48, -112, 42, 64, 33, 48, 84], "df": [38, 41, 171, 89, 180, 51, 81, 72, 32, 87, 50, 133, 81, 38, 143, 189, 229, 149, 116, 129, 34, 148, 130, 117, 134, 145, 133, 38, 153, 51, 147, 48, 74, 116, 153, 97, 47, 35, 222, 82, 333, 204, 139, 152, 54, 115], "sf": [90, 206, 215, 183, 242, 172, 174, 121, 118, 130, 129, 114, 124, 91, 203, 151, 196, 217, 170, 199, 181, 70, 104, 188, 90, 184, 198, 99, 203, 193, 204, 102, 175, 196, 116, 171, 85, 177, 156, 34, 221, 246, 203, 185, 102, 199], "rr": [166, 283, 273, 248, 330, 211, 297, 161, 269, 281, 250, 276, 272, 254, 284, 313, 276, 268, 255, 279, 324, 236, 269, 283], "asd": [20.45779189788692, 93.67960219626485, 70.49047805568443, 39.75187724627119, 186.8595861893092, 45.031322496973075, 140.75060061308977, 36.10574755155187, 150.5974959532591, 42.98475999895379, 141.8619863338606, 2.82378305069642, 13.585216408272117, 252.13424391550944, 79.34156892802969, 18.738277971267394, 1.6376414796455947, 63.60546294667142, 61.13249278325105, 40.06964931284267, 37.301440191759184, 84.42058898654022, 4.250015005462501, 130.39930165544308, 3.0761098856742137, 48.61831325877915, 73.16678429482715, 98.31677214039831, 56.97285542412891, 59.06079598225898, 6.546983240089048, 70.04854170191163, 87.29502148465764, 90.37811184638775, 73.0464068167712, 46.308088114276586, 51.68753020933855, 57.022923612356465, 19.12209416544306, 13.433966248301203, 73.33395777658995, 2.064217494702234, 50.312682855425464, 13.879694751176089, 79.17025302604628, 63.200988618487656], "asf": [153.6467795127707, 144.6463007262209, 194.85095226567455, 161.89287220649533, 306.02529315949147, 178.9958464353121, 192.80098639370806, 123.1414085169954, 204.13308410609545, 142.1762594846153, 165.9519111783925, 114.89661826939755, 126.44590196006868, 358.84257031836086, 198.50477552123925, 215.91189877849894, 136.20495364688577, 154.99718092025444, 145.09367668744204, 159.71327638448435, 115.76064686688244, 95.91227914354198, 261.34568328465315, 235.02357920660057, 152.39371402434494, 220.65357301414105, 147.41264175427534, 220.33373510934035, 137.5342563618218, 146.64886580088444, 188.1638160925404, 185.70211626048552, 157.66589783438457, 205.6806576803059, 175.14325252654135, 124.85873751033432, 212.0011460778066, 191.67583810699062, 135.68089547914298, 137.5290152802163, 152.49050156137287, 147.17080886400936, 196.43080361489928, 248.49127135154652, 179.15301387945073, 144.5232939955685], "ptt": [46, 28, 3, 3, 21, 33, 49, 47, 38, 33, 17, 2, 31, 3, 49, 16, 6, 2, 5, 1, 2, 8, 6, 14]}