{"bf": [262, 175, 256, 219, 345, 308, 108, 265, 172, 224, 234, 296, 299, 171, 126, 240, 339, 146, 180, 183, 207, 288, 231, 256, 164, 184, 232, 145, 214, 274, 267, 246, 265, 260, 174, 138, 120, 119, 242, 258, 304, 235, 257, 195, 284, 198, 205], "bs": [92, 57, 71, 79, 143, 96, 73, 88, 91, 47, 66, 71, 77, 100, 71, 73, 97, 91, 118, 100, 83, 73, 164, 71, 67, 91, 53, 55, 60, 79, 51, 54, 79, 70, 105, 85, 54, 86, 85, 102, 92, 60, 93, 66, 142, 43, 63], "sd": [-38, 49, 53, 99, 155, 133, -44, 128, -20, 138, 124, 50, 33, -21, -40, 122, 107, -35, -58, -16, -34, 142, -127, 61, 34, -16, 60, 42, 97, 105, 52, 151, 88, 109, -37, -39, 37, -46, 49, 102, 52, 52, 128, 55, 74, 120, 52], "df": [208, 69, 132, 41, 47, 79, 79, 49, 101, 39, 44, 175, 189, 92, 95, 45, 135, 90, 120, 99, 158, 73, 194, 124, 63, 109, 119, 48, 57, 90, 164, 41, 98, 81, 106, 92, 29, 79, 108, 54, 160, 123, 36, 74, 68, 35, 90], "sf": [170, 118, 185, 140, 202, 212, 35, 177, 81, 177, 168, 225, 222, 71, 55, 167, 242, 55, 62, 83, 124, 215, 67, 185, 97, 93, 179, 90, 154, 195, 216, 192, 186, 190, 69, 53, 66, 33, 157, 156, 212, 175, 164, 129, 142, 155, 142], "rr": [264, 283, 239, 302, 142, 264, 233, 246, 270, 271, 256, 107, 118, 259, 248, 271], "asd": [58.4547370314026, 50.59033316379464, 39.775568708756396, 112.46534335523586, 118.70119590641036, 112.85490673202924, 85.35653681069027, 92.3344503457896, 22.21360635955557, 69.2422808228971, 133.8605950235234, 10.160058708213796, 26.657419775404605, 10.295135903519963, 21.754477291928993, 57.126797395786866, 107.26509641542543, 19.564397700338986, 53.58823249188447, 12.924525437185252, 30.052929900649247, 136.4854756361607, 138.0673520492404, 151.39793440346693, 21.206433853720114, 9.810536123432712, 108.9270880670573, 38.37864801792955, 141.06618212314424, 151.2375396925005, 28.714085285959527, 200.18116505146975, 117.98074190287332, 129.52596203931114, 13.421005708454231, 6.860389340430629, 24.148519936323623, 10.328678339287876, 143.90931355348243, 76.65903722032613, 97.03935752050586, 67.49403122586943, 16.373063124931832, 103.28972853982441, 65.37367360000633, 110.45747603334019, 71.41158635549084], "asf": [243.7934092464015, 161.86407954904246, 98.65892518717169, 299.17778505409603, 190.34758829072837, 209.94613450679446, 118.90602115569902, 225.77640170202858, 169.75633873463346, 225.814989490014, 213.7561684200848, 205.30835452682504, 169.1444164783826, 168.07151815466375, 80.50811629124371, 167.57974065023564, 224.40703431331315, 170.8811131739758, 222.2329075949059, 239.8589663994514, 150.81419279262673, 240.05620999756184, 171.02141281791762, 243.96806840370834, 187.15106689670893, 177.94159526910073, 197.97008414579193, 185.28380817571747, 203.40998592233097, 235.3581948461557, 216.5494836710477, 286.8116451798047, 200.49682328023448, 209.84102907229624, 155.50010084041344, 143.98462021601256, 117.703860260709, 97.61768101090013, 345.34289249351855, 204.42493470959243, 263.99849933909445, 199.86791575743223, 124.43999061961597, 242.40417969387863, 284.71311015859925, 181.9239245229719, 156.40588896748], "ptt": [-49, -38, -35, -13, -40, -26, -7, -9, -49, -16, -18, -99, -39, -49, -11, -33, -49, -16, -4, -7, -16, -49, -3, -40, -5, -57, -93, -12, -49, -15, -15, -36, -29, -2]}