{"bf": [425, 372, 480, 316, 463, 366, 379, 483, 410, 246, 444, 441, 441, 398, 397, 412, 441, 344, 481, 402, 350, 560, 389, 477, 367, 441, 346, 420, 456, 408, 417, 379, 408, 429, 474, 365, 428, 420, 420, 399, 398, 399, 361, 407, 348, 346, 374], "bs": [159, 78, 168, 117, 184, 110, 108, 162, 88, 111, 162, 140, 117, 92, 101, 129, 111, 90, 193, 129, 167, 231, 91, 148, 102, 145, 85, 144, 146, 104, 90, 93, 148, 161, 155, 104, 100, 111, 98, 96, 109, 111, 104, 106, 93, 104, 117], "sd": [109, 150, 177, 114, 129, 49, 154, 151, 120, 100, 144, 128, 149, 179, 146, 137, 170, 128, 142, 98, 56, 149, 150, -19, 113, 69, 171, 152, 124, 168, 66, 147, 126, 139, 98, 121, 192, 65, 104, 137, 121, 166, 131, 130, 193, 116, 182], "df": [157, 144, 135, 85, 150, 207, 117, 170, 202, 35, 138, 173, 175, 127, 150, 146, 160, 126, 146, 175, 127, 180, 148, 348, 152, 227, 90, 124, 186, 136, 261, 139, 134, 129, 221, 140, 136, 244, 218, 166, 168, 122, 126, 171, 62, 126, 75], "sf": [266, 294, 312, 199, 279, 256, 271, 321, 322, 135, 282, 301, 324, 306, 296, 283, 330, 254, 288, 273, 183, 329, 298, 329, 265, 296, 261, 276, 310, 304, 327, 286, 260, 268, 319, 261, 328, 309, 322, 303, 289, 288, 257, 301, 255, 242, 257], "rr": [429, 383, 389, 433, 409, 433, 422, 418, 416, 407, 425, 420, 447, 417, 440, 414, 410, 381, 405, 422, 414, 394, 420, 434, 421, 423, 423, 439, 407, 412, 400, 392, 363, 394, 359, 359], "asd": [232.45956808462552, 249.25474916116696, 298.0096680841897, 267.15571694560697, 153.98618365102777, 69.75665569842687, 276.45993955233115, 289.50852778505987, 188.87447526840037, 182.16586724385309, 266.9289743786841, 210.97840089552852, 274.8803257867624, 215.21145074822414, 226.27451566839238, 260.3523799657494, 209.3637950974338, 203.7409367114504, 267.4580795522922, 173.55488103526426, 106.94261606748131, 221.66643808798204, 159.54211032620844, 6.852852828154482, 190.7397993340316, 128.4765603648783, 228.55413810990206, 199.71758902053244, 213.04472350245214, 247.77027286459708, 73.36596663801777, 224.057426305709, 226.37082944633562, 294.39710645660585, 231.58953943191585, 194.24441054593223, 290.3803762734895, 139.10178892856857, 147.5647169328351, 260.5163555754506, 290.3700751116262, 321.93466807091175, 302.53673379930495, 277.0664865084915, 403.3930851426401, 284.8390890515826, 392.72557568937174], "asf": [286.5164092493012, 310.7764936038517, 384.49800181558624, 352.2334585091121, 220.43615091130067, 271.2890932064359, 336.8774635191955, 384.0480707671476, 285.5601825652411, 268.8230584312074, 363.7905536334755, 343.3406721851155, 390.02545839723393, 294.07375265487804, 292.63235276436046, 365.1284561577497, 290.68607264798595, 293.29270932342683, 306.77944201473537, 294.10230460404966, 242.5974930051562, 290.855079534589, 266.85952271438157, 329.53181320668716, 271.61665597239517, 274.461758500704, 268.62555641176743, 305.07339082926876, 287.6109408982951, 343.6619883170548, 313.3741451940422, 345.2636828108952, 372.5417338096553, 400.78915465844307, 377.0593790998524, 280.24692564094005, 359.67396129345775, 389.85962738049625, 390.18026884301264, 398.07475771133466, 449.8157931665859, 454.4472322975296, 394.86565275351296, 371.9869415181373, 441.95461549215577, 435.8309975710917, 501.42389669433214], "ptt": [-21, -28, -24, -8, -7, -9, -49, -17, -27, -10, -6, -19, -27, -4, -49, -10, -10, -43, -32, -2, -20, -29, -26, -30, -7, -7, -24, -37, -23, -13, -26, -28, -7, -20, -8, -39, -41, -39]}