{"bf": [321, 378, 432, 358, 405, 424, 401, 407, 436, 419, 436, 456, 370, 446, 447, 437, 362, 392, 436, 381, 437, 412, 401, 399, 385, 440, 387, 376, 388, 384, 418, 437, 454, 411, 448, 416, 397, 391, 442, 382, 457, 384, 444, 422], "bs": [88, 147, 127, 108, 126, 117, 98, 103, 104, 111, 151, 129, 90, 149, 113, 106, 90, 108, 137, 105, 117, 102, 46, 109, 122, 153, 114, 119, 117, 111, 129, 114, 129, 120, 121, 98, 112, 113, 120, 112, 122, 102, 144, 148], "sd": [183, 153, 100, 156, 183, 208, 274, 138, 200, 126, 215, 181, 62, 181, 170, 289, 171, 110, 252, 214, 166, 198, 53, 202, 157, 210, 129, 226, 186, 59, 230, 250, 283, 261, 294, 208, 244, 193, 108, 188, 166, 137, 248, 184], "df": [50, 78, 205, 94, 96, 99, 29, 166, 132, 182, 70, 146, 218, 116, 164, 42, 101, 174, 47, 62, 154, 112, 302, 88, 106, 77, 144, 31, 85, 214, 59, 73, 42, 30, 33, 110, 41, 85, 214, 82, 169, 145, 52, 90], "sf": [233, 231, 305, 250, 279, 307, 303, 304, 332, 308, 285, 327, 280, 297, 334, 331, 272, 284, 299, 276, 320, 310, 355, 290, 263, 287, 273, 257, 271, 273, 289, 323, 325, 291, 327, 318, 285, 278, 322, 270, 335, 282, 300, 274], "rr": [358, 413, 396, 405, 408, 459, 414, 417, 429, 410, 440, 404, 422, 356, 464, 412, 416, 401, 392, 382, 445, 412, 425, 430, 398, 434, 437, 426, 448], "asd": [433.6139780772493, 419.05402290103245, 328.1905090156511, 425.9390506553677, 512.3907908740954, 578.2277211540256, 660.5202765511457, 386.1327255025623, 423.6295393382257, 386.5473080709285, 519.6995977809529, 446.3837584081324, 207.8771801630337, 429.8217905073484, 440.31560067182374, 602.1417532491075, 377.06076873769734, 335.5295062403896, 556.7380050133106, 537.9297067183825, 542.1177949352791, 447.15414529870367, 107.17028500867934, 536.7225092764603, 486.8543089699115, 605.9400505082954, 429.9200845182724, 669.062592657754, 657.4778148118721, 209.51483862519035, 695.6454160273752, 704.2057296121226, 822.2599068785449, 814.0425663528667, 846.1223347890062, 674.1829257422254, 809.9648540198516, 633.3317611173635, 358.946054521204, 576.6878703716804, 555.2252515640855, 470.1503531230134, 586.7269884234856, 555.1362980152692], "asf": [493.11085855025135, 537.0075830740916, 572.3413749845962, 520.9896379428452, 671.4811877289288, 668.5644163813547, 676.4426029797789, 494.1116744526042, 505.9309713762719, 571.7679676075635, 592.0771377508092, 541.6687172539926, 601.0335001770729, 570.1556787952127, 618.2949852675252, 629.061343858039, 586.4256724869739, 513.2804235700914, 601.3168428522754, 579.8279013533909, 691.1306755313531, 591.8759631227792, 679.1219531328936, 658.5843342601618, 648.0781483151497, 718.7098778466176, 772.4031479395245, 707.3333141471438, 834.6640676941709, 819.8641383053665, 787.7163105253393, 765.8791960024998, 872.9093992399344, 854.90208275335, 875.0032336279758, 806.9464630247244, 829.2056343792704, 720.2308318681158, 716.8128454358659, 654.1247285353443, 735.9419353983194, 712.0848151046846, 637.1686360009635, 661.5576429635644], "ptt": [-1, -28, -33, -20, -14, -30, -9, -13, -1, -1, -10, -5, -15, -12, -16, -1, -2, -49, -26, -12, -4, -10, -30, -4, -11, -40, -1, -21, -11, -23, -22, -16, -4, -45]}