{"bf": [486, 407, 446, 481, 406, 456, 314, 486, 470], "bs": [110, 91, 131, 103, 89, 132, 93, 116, 209], "sd": [45, -17, 97, 83, 101, -24, -16, 39, 48], "df": [331, 333, 218, 295, 216, 348, 237, 331, 213], "sf": [376, 316, 315, 378, 317, 324, 221, 370, 261], "rr": [417, 579], "asd": [57.86554556136821, 18.372465798676103, 40.99620543236131, 109.02068291483681, 208.71525103900302, 22.928887999135895, 10.089751174571347, 31.368824869692048, 89.82568321764415], "asf": [624.4306680794956, 539.1584040795934, 499.52968479866786, 563.0670286342474, 528.0940794498598, 523.6818186302037, 445.34891622388653, 468.8946712170886, 461.7307538910587], "ptt": [-18, -15, -33, -42, -11]}