{"bf": [411, 431, 514, 431, 470, 482, 470, 483, 446, 478, 472, 471, 462, 475, 486, 433, 413, 413, 413, 463, 470, 465, 468, 495, 452, 378, 446, 483, 490, 435, 435, 415, 417, 397, 427, 474, 451, 453, 451, 427, 447, 428, 440, 426, 494, 411, 502, 479], "bs": [75, 87, 130, 86, 93, 73, 77, 96, 68, 85, 94, 100, 111, 99, 92, 78, 78, 73, 81, 73, 101, 82, 100, 106, 95, 101, 113, 105, 110, 87, 98, 99, 117, 101, 94, 111, 94, 99, 108, 98, 98, 99, 93, 90, 130, 101, 130, 97], "sd": [134, 117, 326, 42, 128, 124, 146, 142, 149, 138, 118, 119, 103, 137, 53, 78, 73, 68, 61, 96, 138, 110, 74, 113, 76, 78, 100, 120, 89, 113, 124, 119, 86, 109, 114, 126, 120, 40, 99, 116, 105, 142, 82, 39, 116, 145, 36, 112], "df": [202, 227, 58, 303, 249, 285, 247, 245, 229, 255, 260, 252, 248, 239, 341, 277, 262, 272, 271, 294, 231, 273, 294, 276, 281, 199, 233, 258, 291, 235, 213, 197, 214, 187, 219, 237, 237, 314, 244, 213, 244, 187, 265, 297, 248, 165, 336, 270], "sf": [336, 344, 384, 345, 377, 409, 393, 387, 378, 393, 378, 371, 351, 376, 394, 355, 335, 340, 332, 390, 369, 383, 368, 389, 357, 277, 333, 378, 380, 348, 337, 316, 300, 296, 333, 363, 357, 354, 343, 329, 349, 329, 347, 336, 364, 310, 372, 382], "rr": [423, 474, 470, 438, 450, 486, 489, 455, 463, 487, 478, 482, 450, 468, 433, 408, 421, 405, 491, 451, 483, 474, 484, 458, 438, 467, 446, 436, 433, 401, 390, 444, 456, 462, 441, 427, 448, 422, 437, 466, 465, 440, 469], "asd": [258.65920246512644, 205.78054450233503, 612.9605581303836, 54.24878682875351, 257.0735154173634, 228.46522639210082, 177.2878515815279, 136.43198845808877, 252.69629922939896, 296.52869465704896, 192.58672007479083, 156.93725669838352, 93.89656586552928, 219.23359591364158, 59.742769825035566, 6.7370761584809316, 26.480452403676964, 57.56832134059516, 58.49942462815159, 100.77862611954936, 178.27985295733015, 234.86008803195932, 141.95475651530944, 168.6749996287681, 132.688768184698, 97.2159000978744, 168.98201612019375, 191.45642488949397, 225.32905609343572, 202.42075307115135, 179.39459808788604, 198.68993688643468, 180.03176450175613, 211.56346248030633, 183.55389299810292, 166.54595816833557, 186.21570373916984, 42.62223246474014, 294.326644648939, 246.54601883133716, 223.14554603057934, 226.1305513029614, 150.5355463919874, 13.94848387854256, 161.9987841426779, 157.4421860771106, 77.76786433903169, 161.5670012666676], "asf": [741.6509323036673, 730.9135778414865, 746.2739501902446, 605.8360743811086, 669.5045806234272, 733.8807922876007, 706.3097346929349, 619.7532455870457, 683.9900892965538, 760.7633940568688, 716.5571818258993, 642.8633979470956, 618.2044524329933, 691.5481493999249, 626.6610773636028, 570.5836256717051, 507.18990793244444, 548.6958023363466, 569.8981873864184, 591.2486388956961, 616.5509640036481, 735.3816678435726, 649.3874614355354, 613.6566329318257, 584.3488705194164, 449.5415427608121, 656.7385350141373, 690.1616533011081, 758.2134874983286, 650.2821730422581, 696.9879923835368, 674.3051515698514, 701.9652681143139, 609.3583190653866, 633.4620713080151, 703.8368159518238, 730.5683860183219, 699.4406734036439, 659.8578154397555, 738.7235418922364, 725.810840772418, 649.984823667995, 693.5818983074153, 601.4009520289751, 643.271190974554, 588.7217515089901, 691.8012056259332, 751.6364367132403], "ptt": [-15, -32, -18, -7, -11, -33, -28, -11, -44, -49, -46, -35, -7, -46, -29, -20, -49, -16, -19, -10, -26, -23, -20, -9, -30, -34, -41, -40, -15, -49, -24, -5, -43, -12, -34, -31, -14, -28, -24, -21, -5, -37, -2, -15, -24, -26]}