{"bf": [431, 420, 438, 469, 440, 466, 457, 462, 447, 460, 473, 488, 465, 460, 462, 432, 455, 428, 457, 445, 472, 451, 456, 448, 456, 467, 374, 459, 469, 445, 486, 446, 468, 476, 445, 434, 477, 445, 437, 459, 488, 481, 439, 477, 485, 444, 447, 478, 465, 478, 466], "bs": [92, 99, 99, 102, 82, 95, 91, 101, 100, 103, 97, 97, 75, 72, 88, 87, 86, 101, 95, 90, 97, 99, 112, 99, 94, 106, 89, 104, 92, 96, 123, 106, 110, 90, 98, 65, 102, 99, 98, 99, 111, 102, 82, 104, 101, 98, 86, 97, 103, 103, 94], "sd": [110, 71, 107, 81, 45, 156, 163, 133, 126, 123, 115, 111, 147, 141, 137, 78, 137, 78, 143, 153, 127, 78, 129, 129, 107, 124, 149, 133, 109, 139, 154, 145, 144, 118, 109, 119, 117, 118, 136, 112, 142, 75, 102, 132, 132, 138, 99, 141, 140, 128, 65], "df": [229, 250, 232, 286, 313, 215, 203, 228, 221, 234, 261, 280, 243, 247, 237, 267, 232, 249, 219, 202, 248, 274, 215, 220, 255, 237, 136, 222, 268, 210, 209, 195, 214, 268, 238, 250, 258, 228, 203, 248, 235, 304, 255, 241, 252, 208, 262, 240, 222, 247, 307], "sf": [339, 321, 339, 367, 358, 371, 366, 361, 347, 357, 376, 391, 390, 388, 374, 345, 369, 327, 362, 355, 375, 352, 344, 349, 362, 361, 285, 355, 377, 349, 363, 340, 358, 386, 347, 369, 375, 346, 339, 360, 377, 379, 357, 373, 384, 346, 361, 381, 362, 375, 372], "rr": [438, 420, 441, 449, 453, 462, 467, 461, 450, 454, 473, 466, 462, 476, 461, 431, 470, 422, 452, 474, 464, 443, 443, 468, 447, 473, 472, 469, 450, 448, 484, 412, 471, 474, 444, 438, 471, 479, 461, 461, 474, 482, 432, 458, 465, 469], "asd": [206.16584337962627, 236.92183671118698, 201.26390920729818, 179.0929501688861, 53.56887420101907, 147.31421942506188, 151.5181896428112, 178.7038094229655, 134.82252257402286, 159.71424860809213, 237.03836917482693, 196.93095407511805, 170.25073934798172, 211.19240836814072, 148.76572412248674, 199.89952757735261, 205.98640192690107, 204.56161880992727, 133.50288141000829, 190.08655726069014, 140.77533013551965, 148.97911107395555, 154.73952678809383, 253.69612054167294, 156.09286641865822, 147.54413864487708, 147.35949615557706, 95.02973390922432, 182.36227184968925, 157.35602519596193, 130.64249767830938, 145.1042668151391, 143.33918174474434, 140.85805568651506, 47.33693620454153, 119.91844589107882, 147.1714862127984, 128.40808303199492, 139.26806956084465, 157.93858735238018, 176.315678275683, 131.3608082339124, 140.4843705723165, 152.844132354639, 149.8501065515485, 161.56279534121973, 181.48496909851133, 117.74216076876348, 200.6039813610979, 116.2785343968003, 113.15560538708405], "asf": [614.7894719020046, 646.5555511475186, 662.9715684123587, 636.5637773154755, 517.0177177773573, 600.920879313521, 630.5913074753297, 659.9677894472544, 572.7254963615469, 634.3910104037473, 683.4707130770481, 756.588536113068, 624.0618398185088, 695.7802585971434, 700.7072875412755, 725.1135481813664, 657.190569960828, 631.7832190278757, 624.2679038179211, 570.0395379668355, 568.8697548119268, 616.137415437978, 586.4612328262159, 657.8183469922325, 619.0942648960165, 634.5565897056679, 422.6259330909992, 546.4320277528658, 660.6399955737804, 660.4067634167384, 576.9239589661072, 530.3732936529022, 574.1425188332637, 559.9403485962948, 428.5491372780203, 552.3325205003123, 585.0716863431652, 533.6501024392667, 517.8226683050534, 589.8259169669499, 549.5721603064345, 525.0146811572436, 555.3151061912642, 582.7629844192825, 569.0864844246181, 560.5259617361751, 560.85840197053, 540.4313792795774, 621.7830079500866, 543.98956390557, 544.7034297853701], "ptt": [-4, -10, -14, -2, -34, -15, -1, -23, -2, -11, -17, -15, -16, -29, -16, -30, -7, -13, -49, -47, -17, -8, -20, -19, -5, -14, -28, -7, -16, -22, -18, -18, -9, -26, -15, -13, -1, -20, -37, -15, -22, -14, -18, -8]}