{"bf": [311, 311, 307, 303, 311, 291, 290, 292, 288, 296, 291, 277, 271, 271, 249, 256, 271, 262, 275, 263, 268, 272, 268, 263, 267, 291, 291, 272, 269, 267, 256, 264, 262, 257, 252, 256, 273, 280, 301, 296, 299, 314, 300, 297, 299, 303], "bs": [47, 45, 46, 45, 48, 54, 47, 53, 49, 50, 49, 49, 43, 48, 48, 57, 46, 49, 48, 41, 49, 47, 47, 47, 47, 47, 39, 48, 49, 47, 48, 47, 47, 48, 48, 47, 46, 47, 46, 48, 50, 51, 50, 51, 53, 51], "sd": [81, 89, 85, 82, 84, 80, 84, 68, 82, 79, 81, 80, 77, 80, 76, 73, 63, 69, 82, 70, 80, 83, 71, 79, 76, 85, 67, 64, 84, 81, 74, 81, 77, 82, 83, 86, 129, 79, 80, 75, 78, 78, 74, 77, 63, 82], "df": [183, 177, 176, 176, 179, 157, 159, 171, 157, 167, 161, 148, 151, 143, 125, 126, 162, 144, 145, 152, 139, 142, 150, 137, 144, 159, 185, 160, 136, 139, 134, 136, 138, 127, 121, 123, 98, 154, 175, 173, 171, 185, 176, 169, 183, 170], "sf": [264, 266, 261, 258, 263, 237, 243, 239, 239, 246, 242, 228, 228, 223, 201, 199, 225, 213, 227, 222, 219, 225, 221, 216, 220, 244, 252, 224, 220, 220, 208, 217, 215, 209, 204, 209, 227, 233, 255, 248, 249, 263, 250, 246, 246, 252], "rr": [309, 312, 306, 306, 317, 284, 296, 288, 289, 295, 271, 271, 258, 274, 261, 268, 271, 266, 272, 268, 263, 267, 283, 300, 273, 267, 268, 255, 264, 263, 257, 251, 255, 274, 279, 303, 298, 313, 301, 299, 297], "asd": [225.61219782359763, 224.1412130543075, 223.62210015986784, 178.07365412871127, 263.8290344862602, 197.49326900807785, 267.8602401041496, 231.05853364178313, 176.49018759392754, 244.31636211622708, 195.637913920286, 203.9633613234255, 163.4323430463877, 178.86828253997953, 202.81001904445498, 113.18869980283728, 146.48032421053915, 217.9457790025525, 231.04262520729344, 203.2557961132618, 222.4033401455905, 232.3670776329326, 210.42595443389382, 110.28817333144605, 201.69047999315467, 177.9002110056914, 174.33548413318465, 130.2499115801594, 252.47142527156973, 253.61659125331698, 249.59925939886534, 238.8318741534357, 211.00868269374143, 219.81173877467916, 263.1654618467595, 276.8411719303806, 154.80920914219428, 208.48748128024727, 219.3552914365307, 230.95631892241306, 222.3728430273344, 258.18613589249424, 313.22249328005125, 301.2561887268604, 269.47117063410474, 269.8763252874694], "asf": [875.1916390685401, 869.9112522936923, 735.2759289901662, 901.7765685250798, 862.7958767185753, 774.0425043038914, 829.5932249015248, 792.4402406839907, 755.5284018296041, 781.1108617220525, 742.4842551755261, 725.8424018087986, 686.3714100736478, 719.8674478989734, 676.9026616682746, 588.6977915205548, 727.5969118154144, 774.8436141907931, 756.4074077379596, 764.7113881440403, 779.9048225854414, 820.3065837462816, 802.5334723513897, 625.0588682994871, 650.6670689490575, 660.2051283102635, 861.2319529579768, 767.7966189343705, 759.5031610506453, 761.1425275648967, 752.2819360260577, 769.4941396239768, 738.857785310822, 760.6153971496846, 766.2796639283473, 570.3494331484317, 656.8702962738007, 785.9690618395814, 864.1703405298202, 839.4681436268037, 740.6858687483204, 843.9872554511153, 764.2788868578097, 671.4998416918339, 695.9800644961218, 677.3070022124159], "ptt": [1, 11, 1, 5, 2, 3, 7, 17, 3, 5, 2, 1, 32, 8, 2, 3, 2, 7, 13, 8, 1, 9, 8]}