{"bf": [386, 454, 447, 445, 437, 439, 406, 366, 367, 366, 433, 421, 430, 430, 418, 424, 412, 408, 425], "bs": [101, 131, 120, 126, 129, 134, 136, 121, 125, 117, 120, 115, 125, 129, 114, 128, 124, 114, 132], "sd": [253, 314, 317, 265, 279, -126, -130, -16, 156, 245, 265, 300, 300, 292, 255, 286, 281, 222, -128], "df": [32, 9, 10, 54, 29, 431, 400, 261, 86, 4, 48, 6, 5, 9, 49, 10, 7, 72, 421], "sf": [285, 323, 327, 319, 308, 305, 270, 245, 242, 249, 313, 306, 305, 301, 304, 296, 288, 294, 293], "rr": [416, 448, 441, 370, 428, 434, 432, 420], "asd": [571.0422965581932, 725.4681152829145, 773.4685930534695, 719.8106654248488, 706.498026511073, 719.1578262461113, 749.6528545828311, 0.03572340669256846, 556.6277363199035, 707.8501056696346, 670.4728735305945, 702.657970676794, 712.2766036272517, 708.985065011135, 579.5895340387008, 658.5056122024632, 766.615454167164, 554.8141180286412, 776.054531128529], "asf": [595.9830837876896, 728.4511590654829, 777.9191003780154, 809.2681999487953, 725.3907844144717, 729.4599431521449, 720.8225366352264, 615.3843422648105, 770.6473065252654, 709.1203570600956, 733.2347963979574, 704.6698718138426, 714.2191756352206, 713.3364507456552, 643.087534289513, 660.9278306773003, 770.2605319184388, 680.0710399271072, 775.5507377671595], "ptt": [4, 14, 10, 13, 9, 3, 21, 16, 37, 18, 14]}