{"bf": [420, 387, 421, 433, 425, 442, 433, 377, 413, 416, 422, 406, 417, 380, 415, 428, 420, 427, 440, 431, 413, 404, 427, 392, 414, 416], "bs": [122, 128, 127, 129, 123, 138, 128, 122, 131, 126, 124, 125, 128, 139, 138, 128, 124, 126, 128, 120, 122, 130, 147, 117, 131, 115], "sd": [216, 164, 288, 271, 232, 233, 201, 187, 73, 177, 227, 265, 238, 174, -132, 253, 238, 270, 214, 278, 289, 269, 250, 223, 234, 266], "df": [82, 95, 6, 33, 70, 71, 104, 68, 209, 113, 71, 16, 51, 67, 409, 47, 58, 31, 98, 33, 2, 5, 30, 52, 49, 35], "sf": [298, 259, 294, 304, 302, 304, 305, 255, 282, 290, 298, 281, 289, 241, 277, 300, 296, 301, 312, 311, 291, 274, 280, 275, 283, 301], "rr": [426, 386, 423, 427, 408, 414, 423, 424, 429, 433, 421, 398], "asd": [540.5797974493178, 524.7024586985706, 756.2792691744237, 756.0172402715392, 619.299079727355, 630.2446943653974, 541.4908278301555, 653.9283173350934, 172.71036826646764, 448.0779443326949, 575.7824447220906, 697.4562267146937, 678.0207951688603, 595.5324457995595, 700.889183609267, 677.5987783941438, 707.7241149035381, 696.1995267809237, 538.1012140782973, 709.9658854119838, 743.9801674726579, 687.0790479554812, 673.3093120436473, 640.2417420593307, 480.91723326781334, 750.4987257298959], "asf": [719.1685881388404, 715.5992922629227, 756.9498439092168, 781.3635923677706, 733.9807466297495, 742.5253283876732, 688.2952311244867, 754.5636087299623, 602.8977052907815, 631.5456774043132, 708.0238992944447, 714.9760251320964, 783.9419232210893, 722.5577716589441, 728.7735155890233, 733.2627061543681, 788.8382877770076, 724.8050444449134, 714.5912345826532, 738.3783376452682, 744.4278580904454, 688.9815400977004, 698.8392755163145, 712.8340992729567, 540.863519765654, 788.4795168315962], "ptt": [15, 2, 5, 25, 26, 11, 17, 13, 8, 12, 19, 13, 4, 21, 4, 29, 17, 25]}