{"bf": [412, 425, 412, 450, 405, 422, 440, 395, 431, 368, 414], "bs": [130, 134, 132, 142, 106, 128, 146, 104, 146, 123, 128], "sd": [269, -18, 270, 278, 248, -120, -18, 34, 209, 235, 232], "df": [13, 309, 10, 30, 51, 414, 312, 257, 76, 10, 54], "sf": [282, 291, 280, 308, 299, 294, 294, 291, 285, 245, 286], "rr": [414, 440, 408, 373], "asd": [520.6234989403565, 1.1635439942681387, 485.3439456520256, 527.5369578691428, 442.6245039807268, 513.2441261644622, 2.1072095043907666, 4.9178060127909475, 399.32595996018756, 475.33187824880065, 426.1969985765175], "asf": [528.4816758686659, 539.1754335593349, 489.1202174678622, 539.9033469827131, 495.21362551828895, 559.0673505793322, 550.5561495577842, 485.59766863913194, 502.18850925628453, 482.11293785690305, 503.7448798778413], "ptt": [4, 38, 21, 17, 7, 19, 22, 1, 26, 16]}