{"bf": [408, 400, 425, 421, 412, 458, 425, 411, 406, 412, 399, 409, 450, 405, 422, 440, 473, 390, 409, 395, 431, 368, 414], "bs": [150, 131, 134, 125, 130, 127, 134, 145, 130, 132, 115, 127, 142, 106, 128, 146, 146, 144, 137, 104, 146, 123, 128], "sd": [0, 0, 0, 0, 0, 0, 0, 0, 0, 0, 0, 0, 0, 0, 0, 0, 0, 0, 0, 0, 209, 0, 0], "df": [0, 0, 0, 0, 0, 0, 0, 0, 0, 0, 0, 0, 0, 0, 0, 0, 0, 0, 0, 0, 76, 0, 0], "sf": [258, 269, 291, 296, 282, 331, 291, 266, 276, 280, 284, 282, 308, 299, 294, 294, 327, 246, 272, 291, 285, 245, 286], "rr": [0, 0, 5342, 0, 416, 426, 409, 465, 12566, 0, 408, 395, 411, 424, 414, -17762, 19028, 440, 440, -19908, 0, 383, -22390, 23162, 0, 0, 0, 26319, 408, 373], "asd": [0, 0, 0, 0, 0, 0, 0, 0, 0, 0, 0, 0, 0, 0, 0, 0, 0, 0, 0, 0, 399.32595996018756, 0, 0], "asf": [851.305167640169, 539.1148415841815, 534.5106511109809, 588.1797751476626, 528.4816758686659, 566.6873905729622, 539.1754335593349, 541.9004761435245, 485.0621488221349, 489.1202174678622, 546.3293128038065, 519.4081794346627, 539.9033469827131, 495.21362551828895, 559.0673505793322, 550.5561495577842, 740.6288570439503, 448.306722907006, 528.8185718023465, 485.59766863913194, 502.18850925628453, 482.11293785690305, 503.7448798778413], "ptt": [26, 7, 4, 14, 38, 15, 21, 12, 11, 17, 7, 19, 22, 28, 29, 18, 1, 26, 16]}