{"bf": [471, 466, 443, 838, 445], "bs": [150, 135, 146, 552, 125], "sd": [57, 324, 266, -407, 254], "df": [264, 7, 31, 693, 66], "sf": [321, 331, 297, 286, 320], "rr": [456], "asd": [77.36012619079702, 448.4624043466346, 509.90567168532385, 88.86088821027681, 425.3768801107631], "asf": [493.59928501946376, 449.791359112474, 526.8856570190757, 453.0493263552958, 492.95015485321494], "ptt": [6, 13, 34]}