{"bf": [356, 360, 355, 348, 344, 426, 421, 416, 450, 428, 495, 490, 471, 1248, 423, 408, 424, 466, 463], "bs": [112, 100, 128, 130, 138, 133, 142, 145, 143, 138, 138, 141, 145, 534, 127, 124, 120, 148, 161], "sd": [0, 0, 0, 0, 0, 0, 0, 0, 0, 207, 0, 0, 0, 0, 0, 0, 0, 0, 0], "df": [0, 0, 0, 0, 0, 0, 0, 0, 0, 83, 0, 0, 0, 0, 0, 0, 0, 0, 0], "sf": [244, 260, 227, 218, 206, 293, 279, 271, 307, 290, 357, 349, 326, 714, 296, 284, 304, 318, 302], "rr": [0, 0, 388, 357, 356, 339, 424, 414, 445, 428, 498, 494, 0, 0, 0, 0, 0, 0, 0, 0, 0, 0, 0, 0, 0, 0, 0, 420, 404, 452, -20943, 0, 0, 0, 0, 0, 0, 0], "asd": [0, 0, 0, 0, 0, 0, 0, 0, 0, 482.44559935392937, 0, 0, 0, 0, 0, 0, 0, 0, 0], "asf": [637.1063325674617, 532.0203250895395, 432.54753378622263, 529.5829294274297, 463.9990264796799, 642.8047797953988, 467.9445526524627, 478.56064926853185, 592.4169694248653, 621.5388983859195, 687.1004128025987, 636.7018459318601, 661.3464441947825, 468.6013695012422, 414.7221888232546, 430.1309971152744, 481.3061929169215, 570.2511799534876, 468.0047107353496], "ptt": [4, 26, 4, 23, 1, 7, 12, 8, 23, 7]}