{"bf": [356, 355, 426, 416, 450, 428, 495, 490, 423, 408, 424, 463], "bs": [112, 128, 133, 145, 143, 138, 138, 141, 127, 124, 120, 161], "sd": [36, -19, 38, -16, 275, 207, 308, 281, 53, 273, 37, 40], "df": [208, 246, 255, 287, 32, 83, 49, 68, 243, 11, 267, 262], "sf": [244, 227, 293, 271, 307, 290, 357, 349, 296, 284, 304, 302], "rr": [414, 445, 428, 498, 420, 404], "asd": [14.381707452000569, 1.866255692607183, 26.30594257122698, 1.4470330724298037, 555.0434987761746, 482.44559935392937, 627.012787276512, 579.9651591913497, 35.04055742433229, 420.49128560159477, 17.802699896457284, 30.442873458789904], "asf": [637.1063325674617, 432.54753378622263, 642.8047797953988, 478.56064926853185, 592.4169694248653, 621.5388983859195, 687.1004128025987, 636.7018459318601, 414.7221888232546, 430.1309971152744, 481.3061929169215, 468.0047107353496], "ptt": [26, 23, 1, 7, 8, 7]}