{"bf": [456, 465, 452, 470, 467, 379, 418, 445, 441, 464, 471, 473, 475, 467, 498, 478, 457, 494, 467, 439, 505, 466, 488, 512, 455, 480, 476, 475, 479, 494, 509, 478, 439, 420, 408, 397, 491], "bs": [130, 106, 106, 92, 99, 99, 113, 111, 85, 103, 108, 99, 114, 119, 115, 107, 96, 104, 102, 99, 117, 118, 113, 110, 114, 95, 112, 110, 108, 127, 126, 105, 94, 119, 105, 86, 129], "sd": [105, 88, 88, 91, 69, 242, 204, 99, 102, 66, 85, 97, 82, 79, 46, 86, 87, 91, 119, 108, 92, 86, 63, 327, 65, 74, 96, 69, 108, 49, 89, 91, 72, 110, 113, 116, 86], "df": [221, 271, 258, 287, 299, 38, 101, 235, 254, 295, 278, 277, 279, 269, 337, 285, 274, 299, 246, 232, 296, 262, 312, 75, 276, 311, 268, 296, 263, 318, 294, 282, 273, 191, 190, 195, 276], "sf": [326, 359, 346, 378, 368, 280, 305, 334, 356, 361, 363, 374, 361, 348, 383, 371, 361, 390, 365, 340, 388, 348, 375, 402, 341, 385, 364, 365, 371, 367, 383, 373, 345, 301, 303, 311, 362], "rr": [438, 477, 419, 459, 469, 462, 488, 480, 490, 467, 465, 492, 464, 457, 461, 485, 516, 436, 498, 488, 467, 464, 406, 440], "asd": [125.18617767052865, 122.58875595010693, 125.5903389989478, 128.52416436145472, 70.72969814028488, 548.9944255529974, 254.17096079203645, 250.1685721886032, 118.24152121700013, 111.45732653448488, 77.0217122475724, 105.84219068153266, 76.39488253235481, 101.64939949113932, 87.7851250680227, 113.91910186261657, 137.79652002669752, 96.23246548926443, 166.00186308587945, 176.021912429998, 120.33700428784994, 80.03047706737152, 88.83212512970942, 605.7301970716753, 87.14818801159493, 97.7045801664292, 57.29849899060298, 44.431406209876855, 114.56775829302399, 82.58403515303951, 108.481695435078, 117.87249680694833, 79.55717321207112, 162.4637437823219, 151.18211686976622, 126.64057701371712, 132.3564852146677], "asf": [508.22717623253686, 664.2688992963311, 631.0192611745301, 713.3875964494347, 662.7419070810522, 619.9690907881056, 419.43523948178984, 762.7221296112276, 576.4182638669774, 592.9816030408238, 532.1021869722059, 553.9220200836463, 609.1931524005822, 588.8520584437921, 678.6864126977722, 599.8812707663733, 648.6031533727642, 600.6940287757325, 640.5866536641232, 685.2810764991248, 669.5211211917522, 593.4299674189132, 640.1804503330924, 770.8756544967761, 619.3104367658867, 660.5333633761254, 557.603419463622, 660.4663955573008, 650.9093966674718, 718.4261060811848, 752.7852894478376, 712.0567303164528, 602.6623238424204, 582.4405679019592, 525.758487284354, 576.1618161738138, 799.7583152334564], "ptt": [-21, -11, -4, -47, -27, -27, -15, -3, -49, -34, -49, -4, -23, -15, -6, -16, -6, -1, -7]}