{"bf": [432, 456, 451, 465, 476, 452, 470, 467, 429, 379, 360, 418, 445, 441, 464, 471, 473, 475, 467, 469, 498, 478, 457, 494, 467, 439, 505, 481, 499, 466, 488, 512, 455, 480, 455, 476, 517, 475, 502, 479, 494, 509, 478, 439, 420, 408, 393, 397, 491, 467], "bs": [121, 130, 109, 106, 115, 106, 92, 99, 119, 99, 120, 113, 111, 85, 103, 108, 99, 114, 119, 96, 115, 107, 96, 104, 102, 99, 117, 91, 139, 118, 113, 110, 114, 95, 119, 112, 126, 110, 114, 108, 127, 126, 105, 94, 119, 105, 89, 86, 129, 117], "sd": [0, 105, 0, 88, 0, 88, 91, 0, 0, 0, 0, 204, 99, 102, 0, 85, 97, 82, 79, 0, 0, 86, 87, 91, 119, 108, 92, 0, 0, 86, 0, 0, 0, 0, 0, 96, 0, 0, 0, 108, 0, 89, 91, 72, 110, 113, 0, 116, 86, 0], "df": [0, 221, 0, 271, 0, 258, 287, 0, 0, 0, 0, 101, 235, 254, 0, 278, 277, 279, 269, 0, 0, 285, 274, 299, 246, 232, 296, 0, 0, 262, 0, 0, 0, 0, 0, 268, 0, 0, 0, 263, 0, 294, 282, 273, 191, 190, 0, 195, 276, 0], "sf": [311, 326, 342, 359, 361, 346, 378, 368, 310, 280, 240, 305, 334, 356, 361, 363, 374, 361, 348, 373, 383, 371, 361, 390, 365, 340, 388, 390, 360, 348, 375, 402, 341, 385, 336, 364, 391, 365, 388, 371, 367, 383, 373, 345, 301, 303, 304, 311, 362, 350], "rr": [441, 435, -2434, 3354, 474, 467, 438, 477, 487, 409, 400, 353, 419, 459, 469, 462, 488, 480, 444, 488, 490, 467, 465, 492, 464, 457, 529, 478, 461, 485, 516, 436, 504, 448, 501, 479, 498, 0, 488, 467, 464, 406, 392, 390, 440, 479], "asd": [0, 125.18617767052865, 0, 122.58875595010693, 0, 125.5903389989478, 128.52416436145472, 0, 0, 0, 0, 254.17096079203645, 250.1685721886032, 118.24152121700013, 0, 77.0217122475724, 105.84219068153266, 76.39488253235481, 101.64939949113932, 0, 0, 113.91910186261657, 137.79652002669752, 96.23246548926443, 166.00186308587945, 176.021912429998, 120.33700428784994, 0, 0, 80.03047706737152, 0, 0, 0, 0, 0, 57.29849899060298, 0, 0, 0, 114.56775829302399, 0, 108.481695435078, 117.87249680694833, 79.55717321207112, 162.4637437823219, 151.18211686976622, 0, 126.64057701371712, 132.3564852146677, 0], "asf": [536.189378353746, 508.22717623253686, 569.251207963255, 664.2688992963311, 693.2683358426231, 631.0192611745301, 713.3875964494347, 662.7419070810522, 662.973853964703, 619.9690907881056, 616.2710153160758, 419.43523948178984, 762.7221296112276, 576.4182638669774, 592.9816030408238, 532.1021869722059, 553.9220200836463, 609.1931524005822, 588.8520584437921, 669.8304458640675, 678.6864126977722, 599.8812707663733, 648.6031533727642, 600.6940287757325, 640.5866536641232, 685.2810764991248, 669.5211211917522, 700.4213790086898, 681.2926688368098, 593.4299674189132, 640.1804503330924, 770.8756544967761, 619.3104367658867, 660.5333633761254, 649.9496091991109, 557.603419463622, 740.4436439782642, 660.4663955573008, 735.6909540148431, 650.9093966674718, 718.4261060811848, 752.7852894478376, 712.0567303164528, 602.6623238424204, 582.4405679019592, 525.758487284354, 539.1210211056897, 576.1618161738138, 799.7583152334564, 750.407712025722], "ptt": [-21, -49, -11, -1, -4, -47, -27, -27, -15, -3, -49, -5, -34, -49, -1, -4, -31, -23, -1, -15, -6, -16, -6, -1, -21, -7]}