{"bf": [458, 442, 462, 508, 524, 516, 451, 418, 401, 432, 466, 474, 380, 438, 384, 420, 407, 421, 423, 411, 461, 470, 454, 460, 446, 424, 462, 442, 398, 401, 394, 444], "bs": [113, 124, 124, 110, 127, 124, 114, 110, 89, 135, 120, 98, 118, 87, 112, 87, 126, 82, 88, 111, 125, 95, 114, 107, 102, 79, 112, 110, 103, 100, 101, 103], "sd": [124, 82, 87, 83, 68, 86, 97, 94, 85, 90, 87, 90, 97, 100, 43, 39, 230, 70, 70, 45, 62, 105, 106, 55, 74, 51, 62, 82, 77, 83, 64, 72], "df": [221, 236, 251, 315, 329, 306, 240, 214, 227, 207, 259, 286, 165, 251, 229, 294, 51, 269, 265, 255, 274, 270, 234, 298, 270, 294, 288, 250, 218, 218, 229, 269], "sf": [345, 318, 338, 398, 397, 392, 337, 308, 312, 297, 346, 376, 262, 351, 272, 333, 281, 339, 335, 300, 336, 375, 340, 353, 344, 345, 350, 332, 295, 301, 293, 341], "rr": [469, 442, 525, 447, 447, 444, 494, 359, 363, 427, 425, 431, 447, 423, 457, 460, 435, 395, 402, 396], "asd": [59.42816755564718, 81.3693775152542, 81.02457119106509, 80.83587049734047, 86.65429557854736, 97.5643470053376, 155.83248337573878, 136.06565513444798, 54.042843882942975, 179.8024451345575, 66.35953702226209, 107.64970194512682, 132.753110715484, 124.19190959869775, 11.558239828549858, 40.45238453610477, 453.33611659178814, 22.7869813903435, 40.64510746956785, 19.780691264223265, 81.71317424569952, 156.33144171093238, 105.247072356123, 124.13088306962334, 131.54141628057175, 53.295385995845095, 119.34561377695923, 164.0058702670476, 154.1615557357843, 180.6565780640799, 174.64242551164944, 189.70530718860437], "asf": [442.0342560095454, 457.39692801789903, 511.8351571793761, 728.6113750474706, 717.3912415223768, 765.6476695331146, 735.0668244856963, 538.480077645768, 518.3765940587023, 567.183670709047, 603.6697223090476, 679.6677461752747, 503.65589051578297, 606.6442830139279, 529.0787426568768, 653.7544984727956, 492.17465355872156, 630.6868264477201, 606.8882431556349, 607.4627888583528, 608.8347349070672, 706.2428626329375, 620.1977231877811, 656.9425075841012, 655.903781849568, 583.0731517670697, 717.9990330360336, 669.2206098405446, 593.4914461600429, 646.1184399689905, 593.5830505040125, 703.0212866961162], "ptt": [-11, -24, -12, -11, -2, -4, -49, -16, -8, -8, -27, -39, -9, -46, -37, -2, -23, -4, -2, -8, -49, -5, -14]}