{"bf": [396, 487, 490, 455, 446, 459, 470, 462, 481, 466, 496, 473, 477, 492, 486, 484, 474, 482, 500, 486, 464, 467, 391, 458], "bs": [117, 114, 99, 123, 110, 118, 99, 104, 122, 131, 133, 118, 114, 107, 111, 115, 112, 103, 112, 116, 87, 105, 102, 104], "sd": [66, 78, 100, 65, 71, 66, 52, 79, 90, 73, 62, 94, 83, 96, 67, 98, 77, 85, 80, 83, 125, 73, 63, 84], "df": [213, 295, 291, 267, 265, 275, 319, 279, 269, 262, 301, 261, 280, 289, 308, 271, 285, 294, 308, 287, 252, 289, 226, 270], "sf": [279, 373, 391, 332, 336, 341, 371, 358, 359, 335, 363, 355, 363, 385, 375, 369, 362, 379, 388, 370, 377, 362, 289, 354], "rr": [472, 454, 440, 475, 480, 490, 469, 496, 481, 491, 457, 482, 464, 393], "asd": [120.84588284521737, 93.69954343917982, 110.44319328976098, 112.31237309776668, 113.93041005812881, 75.46077130789752, 8.315496921834665, 47.92184033402873, 15.962919817759712, 75.61111598479658, 134.43502631697754, 95.7085857714311, 92.93971684773874, 101.45203804638561, 89.30964496824947, 84.34790958783265, 109.82219264874311, 177.2295493595426, 78.39435062248515, 90.8290564475102, 192.64484387871778, 143.3331168246466, 127.3615213731581, 115.98168824565164], "asf": [537.360311156081, 723.4764959618883, 768.0773797759366, 675.1348654077901, 581.3946683481586, 561.1279232025529, 505.0618741869974, 473.3044259150181, 518.8633026229915, 609.4709023261796, 755.9966091096867, 727.8355109486158, 676.4188460970557, 832.6551207652772, 794.11583618581, 772.1245762370642, 774.0966068436761, 779.8844633364067, 818.5219902262708, 763.424224189271, 802.2876107279483, 781.9179063790152, 636.541035985156, 721.3652298678693], "ptt": [-12, -9, -36, -49, -38, -31, -49, -42, -8, -10, -15, -17, -14, -42, -13, -4, -11]}