{"bf": [483, 451, 475, 477, 479, 495, 446, 482, 468, 476, 420, 428, 471, 491, 482, 444, 516], "bs": [124, 117, 108, 118, 108, 104, 101, 107, 106, 111, 111, 116, 117, 120, 123, 102, 120], "sd": [72, 39, 94, 91, 93, 53, 49, 95, 63, 89, 105, 93, 76, 59, 46, 81, 89], "df": [287, 295, 273, 268, 278, 338, 296, 280, 299, 276, 204, 219, 278, 312, 313, 261, 307], "sf": [359, 334, 367, 359, 371, 391, 345, 375, 362, 365, 309, 312, 354, 371, 359, 342, 396], "rr": [476, 442, 467, 475, 492, 452, 473, 476, 425, 494, 461], "asd": [68.19350342417317, 36.647997708921594, 106.51772711210003, 93.14995409786832, 99.60229006737586, 55.53398841985586, 38.31040902299617, 59.84163013165039, 120.99302615129488, 113.1407690926792, 103.4341973040357, 136.5357961361966, 100.29954256461929, 67.31953334166724, 49.46456934703758, 110.41319304990373, 90.89416320089128], "asf": [556.2386186325882, 474.680978061277, 592.5780274624959, 520.1486089650825, 613.622214648934, 643.4035498571666, 532.1852414643929, 606.1243800827758, 655.4969069917754, 635.3989981303139, 536.0741402837407, 528.9527595878288, 715.7036243023504, 512.6598328019286, 536.9136528686599, 544.2533887141128, 747.3953062108019], "ptt": [-49, -4, -2, -32, -6, -28, -49, -26, -24, -15, -9, -16, -23, -14]}