{"bf": [455, 484, 486, 449, 426, 460, 451, 488, 442, 493, 474, 476, 492, 454, 476, 431, 450, 439, 403, 377, 396, 424, 435, 464, 448, 451, 450, 382, 360, 384, 428, 475], "bs": [121, 108, 114, 119, 99, 97, 73, 103, 95, 111, 105, 93, 116, 105, 99, 124, 109, 114, 97, 95, 95, 115, 96, 123, 105, 108, 113, 89, 100, 93, 114, 85], "sd": [53, 85, 93, 106, 111, 108, 44, 91, 79, 98, 96, 99, 86, 69, 99, 75, 84, 86, 96, 89, 68, 83, 94, 77, 50, 100, 84, 83, 101, 114, 96, 87], "df": [281, 291, 279, 224, 216, 255, 334, 294, 268, 284, 273, 284, 290, 280, 278, 232, 257, 239, 210, 193, 233, 226, 245, 264, 293, 243, 253, 210, 159, 177, 218, 303], "sf": [334, 376, 372, 330, 327, 363, 378, 385, 347, 382, 369, 383, 376, 349, 377, 307, 341, 325, 306, 282, 301, 309, 339, 341, 343, 343, 337, 293, 260, 291, 314, 390], "rr": [490, 429, 436, 458, 487, 462, 499, 448, 416, 455, 422, 401, 377, 416, 462, 446, 451, 456, 393, 353, 405], "asd": [111.18753128487822, 141.4720884106722, 80.98180093127007, 142.33017192607952, 162.00084106464328, 74.90167226613619, 32.28111832127456, 35.42965676626011, 55.62499500280512, 97.10764771111758, 109.50676196024335, 147.6678700908908, 94.42600353383034, 110.74301040863804, 154.4699300714193, 130.6318940959875, 150.89207722750234, 124.0729613292948, 168.1104359419527, 171.61967460679887, 131.9187650021089, 123.69299524641406, 158.21915735777895, 132.2861250294917, 114.54363075295691, 155.3341456216101, 121.20306196314084, 179.53558920096407, 126.8764310175884, 201.91059750282352, 114.3498332689436, 141.71571103517692], "asf": [660.806623139984, 726.8577604261891, 708.7946924721754, 666.5275733970982, 572.3563863194098, 430.12679180011247, 439.3877478432309, 552.4089378671227, 655.5756198294491, 670.7898016497608, 621.1277556982254, 684.998687851845, 686.9746127833787, 620.3440058375377, 732.7397184206857, 640.3738203101823, 766.4993369771307, 716.2085800152361, 608.4916760404144, 589.5369105610637, 621.442972646335, 659.300033106981, 721.0529320620923, 791.7547638087926, 680.2080099003933, 676.2638444862769, 698.0759426221892, 630.5000373863967, 520.6607671685496, 640.5375807815429, 633.9474412652077, 858.908371130879], "ptt": [-21, -4, -29, -9, -40, -28, -7, -14, -39, -49, -30, -45, -3, -24, -21, -12, -10, -4, -20, -1, -2, -12, -15, -3, -13]}