{"bf": [455, 484, 486, 490, 449, 426, 460, 451, 488, 442, 493, 474, 476, 492, 492, 454, 476, 412, 409, 455, 431, 450, 439, 403, 377, 396, 424, 435, 464, 448, 451, 450, 382, 360, 384, 428, 458, 475, 464, 473], "bs": [121, 108, 114, 115, 119, 99, 97, 73, 103, 95, 111, 105, 93, 116, 142, 105, 99, 112, 120, 114, 124, 109, 114, 97, 95, 95, 115, 96, 123, 105, 108, 113, 89, 100, 93, 114, 109, 85, 107, 113], "sd": [0, 0, 0, 0, 0, 0, 0, 0, 0, 0, 0, 0, 0, 0, 0, 0, 0, 0, 0, 0, 0, 0, 0, 0, 0, 0, 0, 0, 0, 0, 0, 0, 0, 0, 0, 0, 0, 0, 0, 0], "df": [0, 0, 0, 0, 0, 0, 0, 0, 0, 0, 0, 0, 0, 0, 0, 0, 0, 0, 0, 0, 0, 0, 0, 0, 0, 0, 0, 0, 0, 0, 0, 0, 0, 0, 0, 0, 0, 0, 0, 0], "sf": [334, 376, 372, 375, 330, 327, 363, 378, 385, 347, 382, 369, 383, 376, 350, 349, 377, 300, 289, 341, 307, 341, 325, 306, 282, 301, 309, 339, 341, 343, 343, 337, 293, 260, 291, 314, 349, 390, 357, 360], "rr": [-1768, 2663, 490, -3153, 4114, 0, 6020, 429, 0, 436, -9648, 10615, 458, 487, 462, 499, -12521, 0, 13987, 455, 448, -14890, 15833, 420, 403, 465, 416, 455, 422, 401, 377, 416, 462, 446, 451, 456, 393, 353, 405, 423, 0, 470], "asd": [0, 0, 0, 0, 0, 0, 0, 0, 0, 0, 0, 0, 0, 0, 0, 0, 0, 0, 0, 0, 0, 0, 0, 0, 0, 0, 0, 0, 0, 0, 0, 0, 0, 0, 0, 0, 0, 0, 0, 0], "asf": [660.806623139984, 726.8577604261891, 708.7946924721754, 755.2104884423493, 666.5275733970982, 572.3563863194098, 430.12679180011247, 439.3877478432309, 552.4089378671227, 655.5756198294491, 670.7898016497608, 621.1277556982254, 684.998687851845, 686.9746127833787, 794.4126052615247, 620.3440058375377, 732.7397184206857, 561.649252053754, 603.8810738061561, 671.6652543749955, 640.3738203101823, 766.4993369771307, 716.2085800152361, 608.4916760404144, 589.5369105610637, 621.442972646335, 659.300033106981, 721.0529320620923, 791.7547638087926, 680.2080099003933, 676.2638444862769, 698.0759426221892, 630.5000373863967, 520.6607671685496, 640.5375807815429, 633.9474412652077, 756.1316874455778, 858.908371130879, 774.8488227796132, 770.11899841671], "ptt": [-35, -35, -35, -21, -4, -35, -35, -35, -35, -29, -9, -35, -35, -40, -28, -35, -7, -35, -14, -39, -49, -30, -45, -35, -35, -3, -35, -5, -24, -21, -12, -10, -35, -4, -20, -1, -2, -35, -12, -15, -3, -35, -35, -13, -35]}