{"bf": [296, 297, 296, 285, 289, 298, 279, 298, 302, 288, 288, 292, 321, 314, 324, 310, 289, 319, 306, 290, 303, 329, 311, 304, 319, 285, 292, 307, 305, 282, 312, 295, 291, 296, 308, 293, 295, 311, 288, 314, 296, 314, 304, 285, 288, 321, 287, 301, 313], "bs": [67, 58, 51, 51, 58, 58, 54, 62, 66, 51, 56, 58, 55, 42, 56, 57, 57, 56, 45, 54, 59, 59, 56, 42, 57, 58, 61, 56, 59, 58, 56, 56, 60, 56, 53, 55, 59, 59, 51, 60, 59, 56, 46, 58, 57, 58, 38, 57, 61], "sd": [93, 98, 100, 89, 83, 95, 93, 82, 77, 102, 93, 87, 92, 95, 81, 87, 88, 102, 92, 83, 78, 83, 96, 100, 83, 93, 87, 83, 86, 88, 100, 82, 91, 88, 95, 87, 78, 87, 91, 80, 86, 97, 93, 83, 87, 87, 98, 79, 80], "df": [136, 141, 145, 145, 148, 145, 132, 154, 159, 135, 139, 147, 174, 177, 187, 166, 144, 161, 169, 153, 166, 187, 159, 162, 179, 134, 144, 168, 160, 136, 156, 157, 140, 152, 160, 151, 158, 165, 146, 174, 151, 161, 165, 144, 144, 176, 151, 165, 172], "sf": [229, 239, 245, 234, 231, 240, 225, 236, 236, 237, 232, 234, 266, 272, 268, 253, 232, 263, 261, 236, 244, 270, 255, 262, 262, 227, 231, 251, 246, 224, 256, 239, 231, 240, 255, 238, 236, 252, 237, 254, 237, 258, 258, 227, 231, 263, 249, 244, 252], "rr": [287, 290, 296, 292, 289, 294, 287, 302, 287, 293, 290, 289, 308, 328, 325, 288, 308, 315, 295, 303, 326, 297, 319, 320, 288, 287, 310, 304, 280, 312, 299, 287, 293, 310, 297, 303, 297, 313, 293, 304, 316, 284, 289, 301, 306, 305], "asd": [254.4052001945622, 261.1501950255831, 291.8042302195289, 278.56637705779735, 272.8228657885445, 262.7389348879191, 215.67400143147654, 255.89514547142358, 247.9566897249763, 240.3475040534455, 226.21294320489142, 243.6021699191116, 253.41876350225346, 201.8137896530626, 220.18757425049728, 187.33333571694095, 280.1536433736843, 280.07432307819886, 266.67123170676973, 240.64205208099634, 290.0237284398123, 273.7528545551695, 269.75161184634624, 308.54915977860594, 405.65033619046346, 210.3036732846465, 302.82934906806406, 278.07542588310685, 328.74555802617533, 323.1569994565401, 277.7296738247784, 222.223420151529, 266.1910912509054, 305.6138470859994, 215.49744794879382, 170.59834578330583, 266.8811905171791, 218.17232785035662, 235.27572519377634, 237.26126957218378, 227.38212807016168, 290.51220120382993, 237.82416008857524, 234.54056288771324, 312.87031446876756, 276.7358322464686, 257.1473206661449, 300.1261716877285, 267.5708270966096], "asf": [717.1213180224913, 737.6692024792801, 781.2759728119692, 781.9401160755218, 740.0940054400842, 706.8007481453055, 677.2071556712114, 755.5704895759586, 735.2743053270855, 720.7061494869824, 685.8896196494072, 600.3768055955329, 856.3614612898862, 797.4745868373335, 754.7580547942866, 686.92083797207, 705.829552396805, 770.2021558932319, 784.4205193062487, 721.7327400035069, 799.0766856621796, 828.6478908347497, 771.837368860176, 853.3024206896298, 1000.0, 670.3829767801578, 858.869709912772, 844.6442146696337, 847.1730761868164, 725.3026695799471, 756.4814581090528, 690.6217068456438, 715.5429609818029, 752.2142508446377, 723.6959715691983, 632.5513958106849, 750.3596918318761, 721.7453743357311, 727.1082938775842, 792.440747931111, 717.3934807947526, 798.9863280498143, 805.8506319801536, 730.6484909314566, 789.5861899130621, 865.849114944882, 751.2080315417163, 855.1135275852226, 825.0388208499451], "ptt": [17, 6, 8, 6, 8, 12, 10, 7, 20, 7, 6, 11, 12, 5, 9, 6, 13, 7, 9, 10, 9, 9, 2, 3, 7, 10, 6, 7, 11, 4, 9, 1, 6, 5, 9, 7, 7, 8, 5, 3, 9, 8, 5, 4]}