{"bf": [421, 426, 417, 444, 432, 429, 400, 425, 436, 415, 444, 428, 420, 402, 453, 424, 367, 424, 415, 413, 420, 410, 411, 408, 421, 407, 409, 425, 420, 436, 404, 410, 427, 417, 420, 412, 411, 407, 417, 398, 357, 402, 392, 400, 385, 423, 395, 399, 396, 395, 369], "bs": [126, 133, 148, 138, 135, 122, 145, 147, 152, 143, 138, 133, 148, 141, 139, 117, 120, 143, 144, 121, 126, 119, 114, 141, 133, 121, 117, 139, 114, 143, 130, 147, 149, 132, 120, 131, 120, 130, 120, 114, 124, 124, 119, 131, 147, 148, 115, 144, 118, 131, 122], "sd": [0, 0, 0, 0, 0, 0, 0, 0, 0, 94, 123, 0, 0, 0, 0, 0, 0, 59, 78, 65, 74, 0, 120, 91, 0, 146, 87, 65, 78, 0, 0, 0, 0, 202, 0, 0, 95, 141, 0, 0, 0, 0, 0, 0, 0, 0, 0, 0, 0, 115, 0], "df": [0, 0, 0, 0, 0, 0, 0, 0, 0, 178, 183, 0, 0, 0, 0, 0, 0, 222, 193, 227, 220, 0, 177, 176, 0, 140, 205, 221, 228, 0, 0, 0, 0, 83, 0, 0, 196, 136, 0, 0, 0, 0, 0, 0, 0, 0, 0, 0, 0, 149, 0], "sf": [295, 293, 269, 306, 297, 307, 255, 278, 284, 272, 306, 295, 272, 261, 314, 307, 247, 281, 271, 292, 294, 291, 297, 267, 288, 286, 292, 286, 306, 293, 274, 263, 278, 285, 300, 281, 291, 277, 297, 284, 233, 278, 273, 269, 238, 275, 280, 255, 278, 264, 247], "rr": [428, 0, -2645, 3511, 441, 419, -4371, 5242, -5242, 6052, 430, 427, 410, 439, 9052, -9052, 9902, 400, 431, 427, -11160, 11951, 425, 392, 418, 413, 405, 438, 400, 409, 403, 431, 400, 423, 421, 412, 410, 405, 431, 401, 421, 397, 411, -21434, 22250, 357, 397, 404, 416, 386, 390, -24600, -25807, 26590, -26590, 27392, 386], "asd": [0, 0, 0, 0, 0, 0, 0, 0, 0, 177.3713587556773, 201.48216739890262, 0, 0, 0, 0, 0, 0, 93.63844168936112, 157.66333905475403, 101.03859564014988, 93.56837061106523, 0, 205.27936279312678, 168.77632769816455, 0, 244.97949770676098, 114.05121843280483, 138.63809663133645, 97.52120260598451, 0, 0, 0, 0, 380.18148702655253, 0, 0, 162.09574252966763, 323.13651884715006, 0, 0, 0, 0, 0, 0, 0, 0, 0, 0, 0, 265.83266941177055, 0], "asf": [564.9708267479351, 735.2856780385147, 543.167420953266, 660.0739305630701, 588.4118740172357, 598.5304651226902, 625.3605843631959, 532.8494476205866, 512.684533404522, 567.9280375308967, 539.0555672796409, 531.2765373461868, 566.87344266501, 512.3195800685238, 505.9406671878978, 643.1946522898577, 541.7112268222118, 596.792384945934, 550.7362463730883, 642.7181071634836, 573.7564314735092, 640.4382530141042, 611.0962762597894, 602.3902628712425, 604.4091219777434, 597.0018606212, 544.5510928907651, 615.7084832423311, 581.0571647347356, 653.5214377288023, 599.6038088826393, 576.6329139102057, 631.6563217581706, 566.7319531979888, 614.5682241417322, 636.4685340598518, 594.8854449489904, 583.5507251018226, 635.4503556421212, 694.2055265785666, 630.3533281079643, 549.3334117056156, 574.3541074346863, 594.9294924333723, 504.5179756130266, 563.2484032012799, 645.7072760011795, 631.3316591340274, 585.0545828686144, 539.2150254869081, 584.8592182247571], "ptt": [-49, -15, -14, -9, -12, -39, -5, -6, -7, -20, -22, -1, -14, -9, -2, -1, -4, -16, -1, -6, -21, -8, -10, -17, -1, -5, -2, -10]}