{"bf": [416, 409, 356, 406, 410, 428, 409, 427, 410, 418, 428, 416, 414, 440, 428, 387, 420, 418, 424, 411, 421, 435, 408, 768, 379, 389, 377, 391, 395, 422, 370, 479, 444, 423, 425, 403, 421, 394, 422, 427, 404, 411, 369, 385, 398, 384, 403, 395, 401, 395, 396, 427, 438, 426, 433, 435, 424], "bs": [127, 135, 112, 119, 135, 143, 104, 129, 144, 143, 137, 123, 130, 129, 110, 132, 121, 114, 123, 139, 130, 137, 105, 477, 101, 102, 104, 118, 120, 116, 115, 163, 143, 111, 112, 116, 144, 125, 141, 122, 108, 121, 113, 123, 119, 116, 125, 131, 123, 117, 103, 124, 119, 130, 129, 126, 124], "sd": [0, 0, 0, 0, 0, 0, 0, 0, 0, 0, 0, 0, 0, 0, 0, 0, 0, 0, 0, 0, 0, 0, 0, 0, 0, 0, 0, 60, 0, 0, 0, 0, 0, 0, 68, 0, 0, 0, 0, 0, 0, 0, 0, 0, 0, 0, 0, 0, 0, 0, 0, 0, 0, 0, 0, 0, 0], "df": [0, 0, 0, 0, 0, 0, 0, 0, 0, 0, 0, 0, 0, 0, 0, 0, 0, 0, 0, 0, 0, 0, 0, 0, 0, 0, 0, 213, 0, 0, 0, 0, 0, 0, 245, 0, 0, 0, 0, 0, 0, 0, 0, 0, 0, 0, 0, 0, 0, 0, 0, 0, 0, 0, 0, 0, 0], "sf": [289, 274, 244, 287, 275, 285, 305, 298, 266, 275, 291, 293, 284, 311, 318, 255, 299, 304, 301, 272, 291, 298, 303, 291, 278, 287, 273, 273, 275, 306, 255, 316, 301, 312, 313, 287, 277, 269, 281, 305, 296, 290, 256, 262, 279, 268, 278, 264, 278, 278, 293, 303, 319, 296, 304, 309, 300], "rr": [424, 386, 363, 422, 418, 389, 434, 442, 409, 412, 414, 423, 413, 421, 450, 376, 413, 427, 440, 402, 428, 403, -9715, 392, 380, -12920, 13684, 391, 393, -14468, 15684, 421, 418, 459, 412, 424, 429, 431, 402, 410, 403, -19893, 21150, 417, 403, 379, 381, 395, 393, 409, 387, 395, 381, 417, 422, 449, 425, 430, 433], "asd": [0, 0, 0, 0, 0, 0, 0, 0, 0, 0, 0, 0, 0, 0, 0, 0, 0, 0, 0, 0, 0, 0, 0, 0, 0, 0, 0, 101.28997493867405, 0, 0, 0, 0, 0, 0, 92.54616254454743, 0, 0, 0, 0, 0, 0, 0, 0, 0, 0, 0, 0, 0, 0, 0, 0, 0, 0, 0, 0, 0, 0], "asf": [705.346018015679, 728.9785158699826, 657.5363723438957, 703.0583157362153, 671.4304682207407, 680.2759990306316, 671.7392358406885, 735.5409825527311, 740.1984673088826, 756.8868837975152, 803.0914104939673, 769.6516590015165, 749.119728400283, 730.3797396012391, 815.5183806055343, 833.6955677014441, 768.802224329115, 798.0973347332645, 853.676234092908, 672.858849384261, 793.3039122286249, 827.9030919534537, 529.3328440595333, 552.1539126988097, 654.2959867798601, 704.3012413696571, 541.7262222281997, 616.3896121030051, 706.7209512367061, 781.0432827043777, 695.1630742226997, 774.4919998830347, 746.4460310481685, 784.7954832601145, 643.8238894872643, 741.6337255668969, 753.025506325975, 844.7010960567824, 777.5649503607547, 819.1578577054497, 679.411070951844, 755.1313527856109, 619.7620121492957, 728.2667556354146, 760.9405295962082, 745.8163423382593, 824.1519639867922, 760.3926737057695, 782.8276324058497, 736.8369799282996, 780.973260959496, 753.7839361166788, 863.0348969122331, 796.6615981342071, 764.4077955522052, 831.5563194586819, 838.8462662949522], "ptt": [-23, -7, -9, -34, -14, -13, -30, -10, -2, -49, -35, -23, -11, -6, -17, -6, -7, -34, -14, -16, -34, -14, -6, -17, -4, -10, -17, -13, -10, -27, -10, -10, -6, -5, -7, -16, -4]}