{"bf": [324, 332, 324, 323, 359, 382, 376, 374, 388, 406, 394, 299, 389, 417, 423, 462, 469, 393, 424, 409, 409, 445, 413, 447, 446, 442, 441, 439, 398, 403, 398, 392, 351, 456, 388, 408, 409, 391, 430, 371, 385, 413, 285, 403, 403, 394, 377], "bs": [105, 113, 118, 125, 108, 129, 109, 119, 140, 133, 115, 114, 104, 124, 114, 119, 146, 105, 113, 111, 133, 124, 100, 119, 129, 141, 129, 116, 94, 113, 113, 107, 118, 167, 118, 132, 137, 119, 131, 123, 116, 129, 122, 113, 122, 116, 118], "sd": [0, 0, 0, 0, 0, 0, 0, 0, 0, 0, 0, 0, 0, 0, 0, 0, 184, 0, 63, 0, 0, 0, 0, 140, 0, 0, 0, 0, 0, 94, 0, 204, 0, 0, 0, 0, 120, 0, 0, 0, 0, 0, 0, 0, 0, 140, 0], "df": [0, 0, 0, 0, 0, 0, 0, 0, 0, 0, 0, 0, 0, 0, 0, 0, 139, 0, 248, 0, 0, 0, 0, 188, 0, 0, 0, 0, 0, 196, 0, 81, 0, 0, 0, 0, 152, 0, 0, 0, 0, 0, 0, 0, 0, 138, 0], "sf": [219, 219, 206, 198, 251, 253, 267, 255, 248, 273, 279, 185, 285, 293, 309, 343, 323, 288, 311, 298, 276, 321, 313, 328, 317, 301, 312, 323, 304, 290, 285, 285, 233, 289, 270, 276, 272, 272, 299, 248, 269, 284, 163, 290, 281, 278, 259], "rr": [0, 332, -1244, 0, 0, 331, 306, 380, 4699, 386, 395, 381, 388, 393, 7506, 409, 0, 0, 10056, 428, -10484, 11376, 428, -11804, 12617, 422, -13039, 0, 0, 400, 421, -15060, 15909, 457, 458, 430, 428, 18906, -18906, 19739, 403, 392, 403, 400, 407, 402, 413, 391, 403, 422, 364, -24139, 24960, 406, -25366, 25762, -25762, 26569, 397, 396], "asd": [0, 0, 0, 0, 0, 0, 0, 0, 0, 0, 0, 0, 0, 0, 0, 0, 419.98157212690427, 0, 231.9397071317145, 0, 0, 0, 0, 467.40356204955117, 0, 0, 0, 0, 0, 295.5412879233198, 0, 488.04498626158266, 0, 0, 0, 0, 443.9715691780876, 0, 0, 0, 0, 0, 0, 0, 0, 412.7818697981014, 0], "asf": [616.8650316025795, 660.8438574553169, 570.3613130618046, 750.4911953133192, 714.739596723664, 663.7758991063073, 669.7240905150736, 644.7490248027741, 712.0163028377127, 636.3098079856977, 599.8948311741262, 466.7476192296121, 594.9978698819339, 523.6774370837669, 605.3000175029734, 694.3035232772162, 565.2179670669395, 540.89249372936, 539.9712798118412, 536.8134801095432, 511.0418324814739, 669.9895300494162, 595.7852331578752, 741.008002418633, 696.4923933079274, 617.4360051615384, 665.9087808900846, 612.7715764406186, 503.764343587077, 532.5096120170683, 595.6521115011818, 600.3700516748617, 548.8734941652983, 686.4658035334418, 669.738002108661, 647.9284942048962, 705.2029212104868, 629.8549376228541, 666.5697007068355, 687.7959424128653, 647.1075963542768, 659.8172186335848, 558.7545552743984, 620.9388555625369, 625.8430437750031, 643.6987108728088, 626.4693304834866], "ptt": [6, 2, 12, 19, 14, 8, 16, 2, 3, 18, 15, 17, 7, 5, 1, 10, 2, 10, 2, 9, 16, 16, 5, 1, 13, 5, 11, 10, 9, 4]}