{"bf": [397, 404, 346, 390, 397, 399, 378, 383, 387, 402, 378, 400, 413, 385, 379, 335, 377, 384, 388, 411, 403, 410, 424, 387, 409, 780, 838], "bs": [107, 119, 73, 125, 110, 102, 105, 112, 122, 121, 108, 99, 108, 118, 105, 116, 111, 104, 113, 119, 121, 122, 123, 114, 114, 523, 155], "sd": [0, 0, 65, 0, 77, 0, 0, 0, 0, 0, 0, 0, 0, 0, 0, 0, 0, 0, 0, 0, 0, 0, 0, 0, 0, 0, 0], "df": [0, 0, 208, 0, 210, 0, 0, 0, 0, 0, 0, 0, 0, 0, 0, 0, 0, 0, 0, 0, 0, 0, 0, 0, 0, 0, 0], "sf": [290, 285, 273, 265, 287, 297, 273, 271, 265, 281, 270, 301, 305, 267, 274, 219, 266, 280, 275, 292, 282, 288, 301, 273, 295, 257, 683], "rr": [409, 358, 398, -1586, 0, 0, 389, 402, 385, 393, 386, 389, 409, 0, 372, -11705, 330, 370, 393, 394, 413, 404, 411, 415, 0, 0, 0, 412], "asd": [0, 0, 50.08450715083916, 0, 113.30989086162265, 0, 0, 0, 0, 0, 0, 0, 0, 0, 0, 0, 0, 0, 0, 0, 0, 0, 0, 0, 0, 0, 0], "asf": [647.6408622722583, 642.0165957572615, 589.3397000637906, 522.5393577400199, 583.6865227829305, 680.1522874332675, 632.4785848813101, 717.1716488532902, 759.6627022961667, 750.2717706576755, 557.131877448281, 588.9200899332558, 577.6008191692902, 587.1283873329375, 564.0589715826111, 665.5423866768706, 756.7678533140912, 742.7771045939058, 726.7679621733364, 732.9134778118978, 795.9928436589029, 724.4393904628391, 872.3767353180432, 583.4101832733478, 385.7616303095504, 391.4042450006371, 408.1761765190751], "ptt": [-15, -27, -37, -21, -21, -21, -21, -16, -17, -19, -5, -1, -26, -21, -23, -22, -21, -21, -21, -21, -1, -10, -15, -14, -11, -26, -21, -21, -21, -21, -14, -21, -21, -21, -21, -21, -16]}