{"bf": [436, 368, 351, 409, 414, 425, 407, 411, 416, 427, 426, 430, 432, 447, 429, 429, 418, 353, 420, 441, 413, 427, 414, 420, 428, 420, 404, 392, 411, 397, 398, 361, 352, 387, 370, 369], "bs": [181, 115, 116, 131, 155, 138, 123, 143, 107, 123, 126, 125, 110, 102, 167, 111, 100, 121, 141, 145, 103, 126, 142, 148, 135, 142, 128, 124, 126, 107, 123, 126, 132, 149, 111, 140], "sd": [0, 115, 0, 0, 0, 0, 0, 0, 0, 106, 141, 0, 0, 0, 0, 90, 0, 0, 0, 0, 116, 73, 111, 71, 74, 126, 152, 76, 177, 74, 0, 128, 0, 0, 0, 0], "df": [0, 138, 0, 0, 0, 0, 0, 0, 0, 198, 159, 0, 0, 0, 0, 228, 0, 0, 0, 0, 194, 228, 161, 201, 219, 152, 124, 192, 108, 216, 0, 107, 0, 0, 0, 0], "sf": [255, 253, 235, 278, 259, 287, 284, 268, 309, 304, 300, 305, 322, 345, 262, 318, 318, 232, 279, 296, 310, 301, 272, 272, 293, 278, 276, 268, 285, 290, 275, 235, 220, 238, 259, 229], "rr": [0, 0, 0, 369, -4947, 5719, 433, 397, 427, 375, -9010, 9870, 430, 425, 0, 0, 0, 418, 0, 373, 424, 399, 436, 443, 420, 407, 435, 406, 400, 394, 392, 413, 367, 369, 349, 399], "asd": [0, 281.58687055612256, 0, 0, 0, 0, 0, 0, 0, 178.84307846216313, 317.15671345976176, 0, 0, 0, 0, 141.1066209737819, 0, 0, 0, 0, 197.8904167516231, 127.2731679684565, 247.1606186536177, 143.74338710401287, 127.22016550088233, 268.2918099051576, 351.1789414148478, 155.60977917131981, 403.8344008465584, 135.86510000877365, 0, 430.026947547889, 0, 0, 0, 0], "asf": [610.1717390257757, 526.2481909841362, 579.0410587290668, 679.7116367470624, 524.8385645222211, 566.0596323255998, 686.754233189613, 634.2200202013313, 622.1453658621242, 607.849169920311, 626.7125601629913, 657.859366147481, 665.7278613823456, 582.7654493305092, 493.0535399565343, 527.7398549257508, 644.652687146435, 522.3452984409878, 552.9214488751664, 599.8943520447344, 614.5874602950199, 625.5048533483903, 648.5001588984283, 588.6430453170608, 619.0850811876992, 548.0099036193866, 583.0667124802242, 578.475342036959, 590.2218074416312, 594.1081826548871, 615.1287453119705, 638.519823966998, 632.6956461286114, 591.7846900676626, 600.5415742826623, 562.3337652628531], "ptt": [-19, -3, -8, -2, -1, -18, -3, -22, -5, -6, -15, -32, -12, -36, -20, -16, -4, -39, -14, -3, -4, -16, -25, -4, -12, -20, -19, -25]}