{"bf": [380, 349, 414, 469, 308, 389, 482, 285, 448, 397, 521, 471, 412, 426, 492, 456, 434, 499, 284, 555, 290, 393, 454, 546, 273, 443, 430, 542, 535, 292, 470, 395, 425, 525, 450, 498], "bs": [123, 114, 139, 140, 121, 124, 173, 128, 112, 115, 175, 135, 175, 123, 142, 110, 125, 149, 104, 198, 109, 105, 143, 161, 101, 137, 147, 204, 149, 96, 99, 181, 123, 175, 137, 138], "sd": [185, 0, 0, 0, 0, 0, 0, 0, 244, 172, 0, 0, 0, 144, 185, 0, 152, 178, 0, 238, 0, 0, 0, 255, 0, 197, 139, 246, 174, 0, 0, 0, 0, 220, 0, 0], "df": [72, 0, 0, 0, 0, 0, 0, 0, 92, 110, 0, 0, 0, 159, 165, 0, 157, 172, 0, 119, 0, 0, 0, 130, 0, 109, 144, 92, 212, 0, 0, 0, 0, 130, 0, 0], "sf": [257, 235, 275, 329, 187, 265, 309, 157, 336, 282, 346, 336, 237, 303, 350, 346, 309, 350, 180, 357, 181, 288, 311, 385, 172, 306, 283, 338, 386, 196, 371, 214, 302, 350, 313, 360], "rr": [371, -2207, 0, 0, 0, 450, -4609, 5026, 438, 437, -5901, 6332, 451, 457, -7240, 8148, 0, 0, 0, 0, 0, 0, 0, 0, 0, 0, 445, 460, -14424, 458, 454, 17514, 466, 0, 0, 0, 21183, 472, 486, -22141, 22632, 453, 487, 487, 482, -25483, -26857, 27313, 477, 487, 451], "asd": [610.9663597092172, 0, 0, 0, 0, 0, 0, 0, 650.65044736551, 458.410779097816, 0, 0, 0, 438.90569713079867, 516.489295049658, 0, 568.7709713125308, 595.9683502018875, 0, 603.860465966665, 0, 0, 0, 564.2627215888702, 0, 522.8577652423872, 511.4006481841411, 521.5107722221378, 437.34920022007105, 0, 0, 0, 0, 791.4762140024741, 0, 0], "asf": [645.113390337343, 625.4159963428926, 538.6717219095166, 746.7909898099723, 687.0898245130111, 640.1130923957487, 707.170165079991, 576.4506691011542, 718.91783365931, 572.0574527170895, 615.4919767983104, 434.21153950961707, 444.8539499136499, 561.9763080799778, 593.0687571212794, 570.1410443431445, 664.2729849378333, 710.0317151801512, 607.7198112246472, 709.1919789897063, 577.8905430802849, 573.5451625284195, 640.5681201992315, 662.9376483501325, 541.8797092179102, 658.131418158019, 655.6746243818308, 608.1648954630147, 505.04846534623397, 443.0888949164223, 585.5810503953007, 743.0402387002298, 830.9609250473811, 904.7376980198859, 842.2002548671046, 677.7073055602261], "ptt": [-6, -13, -7, -25, -24, -26, -13, -20, -6, -15, -18, -27, -23, -18, -12, -18, -24, -11, -21, -17, -29, -29, -25, -38, -20, -15, -31, -13, -11, -9, -26, -2, -14, -16]}