{"bf": [542, 475, 524, 493, 378, 496, 432, 521, 477, 471, 464, 439, 458, 483, 456, 489, 503, 360, 505, 467, 459, 502, 468, 473, 428, 438, 426, 400, 396, 452, 413, 477, 370, 456, 515, 491, 470, 472, 410, 423, 386, 437, 431, 415, 403, 407, 478, 460, 345, 462, 522, 473, 442, 440, 348, 445, 533, 499, 489, 442, 540, 520, 415], "bs": [189, 143, 166, 151, 144, 136, 125, 163, 135, 137, 117, 128, 139, 143, 135, 163, 161, 151, 134, 126, 127, 182, 174, 157, 114, 117, 104, 101, 115, 139, 101, 146, 154, 142, 158, 131, 113, 112, 105, 102, 94, 129, 118, 108, 116, 123, 157, 142, 136, 172, 174, 124, 120, 119, 130, 141, 184, 137, 135, 117, 184, 155, 129], "sd": [0, 0, 0, 246, 0, 0, 0, 0, 0, 244, 0, 233, 0, 0, 0, 202, 0, 0, 251, 0, 0, 0, 0, 0, 0, 0, 0, 0, 0, 0, 199, 0, 0, 0, 0, 0, 163, 234, 0, 173, 0, 229, 0, 0, 0, 180, 0, 0, 0, 0, 260, 0, 0, 0, 0, 0, 0, 244, 0, 0, 0, 0, 0], "df": [0, 0, 0, 96, 0, 0, 0, 0, 0, 90, 0, 78, 0, 0, 0, 124, 0, 0, 120, 0, 0, 0, 0, 0, 0, 0, 0, 0, 0, 0, 113, 0, 0, 0, 0, 0, 194, 126, 0, 148, 0, 79, 0, 0, 0, 104, 0, 0, 0, 0, 88, 0, 0, 0, 0, 0, 0, 118, 0, 0, 0, 0, 0], "sf": [353, 332, 358, 342, 234, 360, 307, 358, 342, 334, 347, 311, 319, 340, 321, 326, 342, 209, 371, 341, 332, 320, 294, 316, 314, 321, 322, 299, 281, 313, 312, 331, 216, 314, 357, 360, 357, 360, 305, 321, 292, 308, 313, 307, 287, 284, 321, 318, 209, 290, 348, 349, 322, 321, 218, 304, 349, 362, 354, 325, 356, 365, 286], "rr": [496, -910, 1874, 509, 486, 485, 470, 493, 479, 451, 475, 450, 462, 475, 484, 487, 493, -9064, 9548, 497, -10045, 10998, 514, 494, 451, 430, 431, 425, 423, 414, 420, 414, 458, 485, -16357, 16834, 472, 488, 473, 469, 465, 407, 415, 421, 426, 421, 423, 410, 441, 463, 454, -23482, 23976, 464, 472, 469, 441, 451, -26273, 26734, 488, 486, 497, 471, 509, 511, 494], "asd": [0, 0, 0, 707.211640681644, 0, 0, 0, 0, 0, 730.5655345412182, 0, 785.5609066350389, 0, 0, 0, 721.1410781432328, 0, 0, 719.9139023425095, 0, 0, 0, 0, 0, 0, 0, 0, 0, 0, 0, 591.2996751676353, 0, 0, 0, 0, 0, 487.0393760954816, 571.3246278019251, 0, 541.7076212020229, 0, 697.8120906589417, 0, 0, 0, 714.4074418907043, 0, 0, 0, 0, 780.8904692286357, 0, 0, 0, 0, 0, 0, 758.0477568438814, 0, 0, 0, 0, 0], "asf": [697.6115035488839, 631.3989743212976, 743.9299176810837, 815.3481254300486, 673.7755275359898, 767.262771424217, 625.600984000338, 662.7754588128997, 790.4935329201822, 820.6682985629901, 754.9016674203353, 846.4811115357215, 929.4448835318312, 770.8839366054634, 803.687039259209, 848.2319284331089, 812.8340235980984, 681.0694477794369, 778.2346213888337, 717.4794598828752, 627.2273004194785, 748.0220925358866, 795.5531452837492, 633.8463514807025, 654.2176928451854, 645.709323154051, 705.5557752754403, 744.5251465979613, 649.0947540250063, 738.6636165240113, 661.9417495942622, 892.9356731335873, 729.6529725042864, 718.6988464475078, 652.009708896858, 711.4751639784563, 650.1663181843891, 633.3660792976254, 590.8786547454677, 658.6733694550035, 617.0067632530747, 763.2368154234863, 794.0047725513061, 800.4197180022018, 767.5354755321588, 831.1732556580391, 887.6706892841287, 798.7835541361657, 693.9847389301523, 840.6510323053669, 819.8542962802355, 745.8046234912849, 763.7059847698413, 730.6382652300523, 698.444963822526, 786.5600099603666, 814.1192158583665, 820.5539722753595, 759.0339980443555, 695.5474143122942, 763.984146532471, 729.0645440264412, 614.4244991322932], "ptt": [-4, -34, -17, -1, -31, -28, -6, -10, -26, -15, -7, -23, -8, -10, -6, -18, -10, -6, -4, -13, -6, -21, -28, -9, -14, -19, -17, -5, -14, -16, -1, -10, -4, -3, -7, -3, -14, -6, -9, -6, -8, -14, -6, -7, -19, -4, -9, -7, -9]}