{"bf": [611, 645, 470, 577, 541, 584, 527, 451, 509, 500, 527, 505, 510, 402, 471, 474, 566, 545, 556, 627, 532, 578, 515, 542, 393, 527, 460, 476, 316, 321, 329, 351, 544, 522, 521, 501, 544, 457, 549, 466, 552, 526, 514, 531, 498, 521, 484, 488, 529, 511, 497, 343, 512, 512, 502, 512, 546], "bs": [212, 223, 102, 166, 166, 177, 153, 178, 146, 133, 159, 141, 142, 147, 111, 145, 188, 151, 149, 139, 164, 184, 134, 152, 145, 138, 120, 111, 111, 103, 139, 157, 164, 134, 140, 139, 160, 136, 174, 119, 163, 139, 125, 137, 133, 128, 138, 139, 164, 136, 145, 126, 154, 145, 142, 152, 153], "sd": [0, 248, 223, 0, 0, 0, 214, 0, 0, 0, 0, 0, 0, 0, 0, 0, 0, 0, 0, 352, 247, 205, 215, 202, 0, 213, 0, 246, 0, 0, 0, 0, 0, 189, 260, 0, 0, 0, 0, 259, 0, 0, 0, 0, 0, 0, 0, 0, 0, 0, 0, 0, 145, 0, 0, 0, 0], "df": [0, 174, 145, 0, 0, 0, 160, 0, 0, 0, 0, 0, 0, 0, 0, 0, 0, 0, 0, 136, 121, 189, 166, 188, 0, 176, 0, 119, 0, 0, 0, 0, 0, 199, 121, 0, 0, 0, 0, 88, 0, 0, 0, 0, 0, 0, 0, 0, 0, 0, 0, 0, 213, 0, 0, 0, 0], "sf": [399, 422, 368, 411, 375, 407, 374, 273, 363, 367, 368, 364, 368, 255, 360, 329, 378, 394, 407, 488, 368, 394, 381, 390, 248, 389, 340, 365, 205, 218, 190, 194, 380, 388, 381, 362, 384, 321, 375, 347, 389, 387, 389, 394, 365, 393, 346, 349, 365, 375, 352, 217, 358, 367, 360, 360, 393], "rr": [622, 524, 534, 577, 552, 560, 552, -4437, 4995, 496, 526, 509, 506, 515, -7547, 8024, 505, 517, 529, 543, 546, 652, 552, 528, 533, 535, -13464, 13995, 509, 451, 476, -15431, 15876, -15876, 16360, 17257, -17257, 17728, 514, 528, 520, 522, 520, 495, 494, 510, 528, 512, 526, 527, 493, 531, 485, 513, 501, 520, 478, -27445, 27931, 503, 509, 512, 513], "asd": [0, 514.70194114118, 313.75197042526696, 0, 0, 0, 615.4068764440101, 0, 0, 0, 0, 0, 0, 0, 0, 0, 0, 0, 0, 794.6312625040811, 624.780738781222, 643.8085307051188, 608.7109124257211, 576.1815848753383, 0, 526.2551521422677, 0, 538.0052388140789, 0, 0, 0, 0, 0, 497.720094764652, 629.0010824385554, 0, 0, 0, 0, 700.0915049816479, 0, 0, 0, 0, 0, 0, 0, 0, 0, 0, 0, 0, 445.59479629001726, 0, 0, 0, 0], "asf": [678.3753197048089, 583.917341631454, 558.326736091423, 651.478309704101, 727.9354746009855, 775.7654939443996, 683.430890548118, 662.4707860632893, 716.6018936098822, 741.5910359699225, 871.4454537445645, 840.964848394326, 822.1464670340565, 747.3133659220041, 850.4290941725178, 834.8445566446392, 860.7487900456931, 839.545876792888, 863.7882449945514, 844.3551187904167, 703.0390735362105, 801.1985670392311, 658.6240137497354, 734.6519202961474, 637.1742374284529, 629.3747818607735, 697.5766226851462, 611.7347179480996, 525.2977361168496, 574.6197597264875, 529.3746307957751, 593.25621173238, 783.3795958439473, 686.2032305411635, 729.94230478768, 693.5759385549715, 714.5499439759383, 625.6212605083025, 806.7920874006359, 786.5424758524454, 824.1919445562023, 741.0772575553414, 783.479923885325, 840.4630931284931, 792.6003319331203, 710.2382965522909, 743.0178029607724, 779.6133423255667, 790.0688236646411, 829.9499051954574, 755.9225436453063, 597.8630498839976, 830.5534340570812, 819.0825289489842, 786.0143605925941, 830.9143129888513, 832.0512173231205], "ptt": [-11, -25, -18, -27, -2, -8, -26, -5, -3, -10, -9, -4, -3, -12, -3, -16, -15, -11, -15, -17, -16, -13, -1, -7, -5, -7, -5, -19, -37, -14, -7, -23, -14, -37, -11, -6, -43, -10, -11, -12, -4, -10, -18, -5, -5, -14]}