{"bf": [391, 514, 511, 484, 540, 538, 523, 538, 370, 517, 502, 501, 532, 503, 499, 465, 503, 492, 496, 484, 494, 472, 451, 501, 498, 510, 502, 462, 521, 466, 396, 387, 425, 511, 481, 537, 514, 501, 494, 475, 476, 486, 476, 464, 489, 498, 491, 477, 486, 488, 455, 494, 467, 467, 482, 531, 556, 501, 504], "bs": [130, 134, 142, 154, 154, 139, 137, 145, 132, 142, 127, 113, 158, 127, 147, 119, 127, 132, 143, 122, 135, 125, 128, 155, 148, 147, 147, 139, 143, 134, 157, 136, 158, 122, 142, 174, 130, 129, 136, 136, 144, 136, 120, 122, 142, 152, 141, 115, 129, 129, 126, 128, 124, 129, 127, 138, 115, 138, 128], "sd": [0, 0, 0, 237, 0, 0, 0, 0, 0, 0, 0, 0, 0, 0, 0, 0, 0, 0, 0, 0, 0, 0, 0, 0, 0, 0, 0, 0, 0, 0, 0, 0, 0, 0, 0, 0, 214, 0, 255, 0, 0, 0, 149, 0, 0, 0, 0, 0, 0, 154, 117, 0, 0, 0, 0, 0, 255, 232, 0], "df": [0, 0, 0, 93, 0, 0, 0, 0, 0, 0, 0, 0, 0, 0, 0, 0, 0, 0, 0, 0, 0, 0, 0, 0, 0, 0, 0, 0, 0, 0, 0, 0, 0, 0, 0, 0, 170, 0, 103, 0, 0, 0, 207, 0, 0, 0, 0, 0, 0, 205, 212, 0, 0, 0, 0, 0, 186, 131, 0], "sf": [261, 380, 369, 330, 386, 399, 386, 393, 238, 375, 375, 388, 374, 376, 352, 346, 376, 360, 353, 362, 359, 347, 323, 346, 350, 363, 355, 323, 378, 332, 239, 251, 267, 389, 339, 363, 384, 372, 358, 339, 332, 350, 356, 342, 347, 346, 350, 362, 357, 359, 329, 366, 343, 338, 355, 393, 441, 363, 376], "rr": [1550, 522, 523, 484, 525, 536, 531, 525, -5196, 5722, 502, 488, 546, 501, 523, 471, 473, -9226, 10188, 503, 475, 497, 484, 475, 478, 494, 497, 510, 494, 466, 512, 489, -16562, 17073, -17073, 17609, -17609, 18099, 531, 513, 493, 513, 508, 494, 483, 468, 470, 478, 484, 499, 487, 465, 491, 486, 485, 457, 490, 472, 465, 493, 508, 579, 491], "asd": [0, 0, 0, 669.9393377342351, 0, 0, 0, 0, 0, 0, 0, 0, 0, 0, 0, 0, 0, 0, 0, 0, 0, 0, 0, 0, 0, 0, 0, 0, 0, 0, 0, 0, 0, 0, 0, 0, 479.8807308024651, 0, 498.8243752741356, 0, 0, 0, 336.0124648778586, 0, 0, 0, 0, 0, 0, 262.042160295857, 198.53133372943535, 0, 0, 0, 0, 0, 511.56570970184003, 593.805929428134, 0], "asf": [511.500004538314, 658.8645874975016, 783.5672332660242, 755.3688308018665, 797.8768696097573, 792.6656088855862, 750.3508883354204, 710.4477811358043, 564.2989638771721, 688.7173268798698, 641.3794643705963, 664.9415064857876, 708.7618249453128, 698.5177872936354, 732.8721852390397, 730.801276629315, 728.8305640935779, 583.9068557287004, 750.5888347911039, 775.2979224015569, 767.7037086581502, 707.7850397559409, 667.6587250492087, 750.7686218301253, 806.1915259879053, 771.4909858695355, 738.6337662615479, 698.174411367619, 637.7525768708597, 625.9861596588269, 469.05975784583995, 604.3071158164257, 620.3894522644712, 678.1433848419679, 675.6921685317608, 712.9342288158489, 634.0005544845969, 620.3402774802976, 554.4927364468904, 552.6814491902887, 628.9719749246763, 556.7975035390489, 541.0158658659477, 641.748328194693, 819.1694672014075, 838.2101442488893, 702.8396748523561, 650.2808988120684, 660.1097109841513, 638.926854129048, 542.856064485312, 635.5456124402747, 768.8691160514816, 657.8520216326147, 706.3862970168052, 764.3311424329213, 682.656213107575, 673.7411222671253, 589.3867408036381], "ptt": [-12, -20, -23, -12, -9, -14, -12, -16, -9, -16, -11, -13, -7, -18, -3, -17, -7, -2, -6, -20, -22, -9, -9, -20, -10, -10, -2, -5, -21, -30, -17, -10, -9, -8, -24, -21, -6, -35, -31, -28, -47, -19, -30, -18, -29, -7, -24, -45, -1, -22]}