{"bf": [488, 520, 513, 495, 491, 467, 502, 495, 506, 507, 482, 489, 493, 501, 482, 492, 501, 487, 466, 480, 487, 492, 489, 467, 485, 485, 486, 490, 468, 487, 497, 486, 444, 465, 498, 488, 480, 496, 466, 485, 495, 479, 467, 490, 442, 495, 485, 489, 503, 490, 506, 493, 509, 464, 497, 525, 496, 449, 510, 481, 500, 506, 483], "bs": [123, 166, 151, 142, 139, 130, 144, 129, 140, 137, 137, 123, 149, 141, 131, 145, 147, 150, 148, 134, 118, 146, 132, 143, 139, 154, 145, 138, 114, 134, 133, 130, 92, 135, 142, 134, 147, 146, 137, 135, 134, 129, 114, 144, 147, 127, 146, 143, 133, 124, 139, 129, 131, 118, 153, 159, 146, 108, 139, 123, 137, 157, 143], "sd": [230, 0, 0, 0, 0, 0, 0, 0, 0, 0, 0, 0, 0, 0, 0, 0, 0, 0, 0, 0, 172, 0, 0, 0, 0, 0, 0, 0, 0, 0, 0, 0, 0, 0, 0, 0, 0, 0, 0, 0, 0, 0, 0, 0, 0, 0, 0, 0, 0, 0, 0, 0, 0, 0, 0, 0, 0, 0, 253, 0, 0, 0, 0], "df": [135, 0, 0, 0, 0, 0, 0, 0, 0, 0, 0, 0, 0, 0, 0, 0, 0, 0, 0, 0, 197, 0, 0, 0, 0, 0, 0, 0, 0, 0, 0, 0, 0, 0, 0, 0, 0, 0, 0, 0, 0, 0, 0, 0, 0, 0, 0, 0, 0, 0, 0, 0, 0, 0, 0, 0, 0, 0, 118, 0, 0, 0, 0], "sf": [365, 354, 362, 353, 352, 337, 358, 366, 366, 370, 345, 366, 344, 360, 351, 347, 354, 337, 318, 346, 369, 346, 357, 324, 346, 331, 341, 352, 354, 353, 364, 356, 352, 330, 356, 354, 333, 350, 329, 350, 361, 350, 353, 346, 295, 368, 339, 346, 370, 366, 367, 364, 378, 346, 344, 366, 350, 341, 371, 358, 363, 349, 340], "rr": [531, 505, 504, 492, 482, 481, 487, 506, 503, 507, 468, 515, 485, 491, 496, 494, 504, 485, 452, 464, 515, 478, 500, 463, 500, 476, 479, 466, 488, 486, 494, 448, 487, 472, 490, 501, 479, 487, 464, 484, 490, 464, 497, 493, 422, 514, 482, 479, 494, 505, 496, 495, 496, 499, 503, 512, 458, 480, 494, 495, 520, 492], "asd": [477.55464232100456, 0, 0, 0, 0, 0, 0, 0, 0, 0, 0, 0, 0, 0, 0, 0, 0, 0, 0, 0, 266.9059422591522, 0, 0, 0, 0, 0, 0, 0, 0, 0, 0, 0, 0, 0, 0, 0, 0, 0, 0, 0, 0, 0, 0, 0, 0, 0, 0, 0, 0, 0, 0, 0, 0, 0, 0, 0, 0, 0, 551.9366979554875, 0, 0, 0, 0], "asf": [621.1280124646547, 770.4654271877107, 793.3426755299208, 838.0994142635277, 722.197109874637, 671.9148579591065, 749.6254380739779, 774.0293148757191, 761.8975052366686, 750.269879789159, 731.2039723239843, 621.7707736621841, 792.6145855568924, 824.9813704331551, 789.1598317453512, 739.7337800771714, 766.5190815147067, 793.6003966515159, 806.177844569149, 660.4152770092799, 738.7217660797232, 713.4815631223221, 782.6177168889096, 747.5845204501945, 679.9968682611318, 798.6743685583779, 790.6254825748221, 721.8588528887301, 729.2078363756557, 734.147896950118, 805.6120635045213, 819.3459018501875, 729.9603404445916, 621.8660924969253, 773.9451041183402, 795.7245075747176, 785.8624603772033, 808.4505023108508, 654.207818676002, 724.0674910874469, 786.1707924587741, 735.9797934118101, 679.3862061146078, 803.7702050722464, 816.2579449152123, 798.9230026221251, 739.4230406375702, 725.9931660204186, 753.6113309601997, 715.5837711240504, 767.5564524676985, 735.7833210766853, 701.5587168377816, 618.8114368939566, 780.2339205133142, 801.5758557809295, 770.8660756088938, 738.4574870738966, 670.251498639844, 601.882893132511, 712.1340778994559, 740.173220065237, 698.4254814075344], "ptt": [-11, -20, -8, -20, -44, -13, -30, -17, -1, -16, -23, -30, -2, -16, -19, -13, -3, -17, -22, -32, -49, -47, -16, -3, -7, -18, -24, -18, -15, -8, -49, -13, -10, -20, -7, -49, -20, -10, -23, -12, -5, -17, -4, -12, -21, -6, -17, -19, -28, -15]}