{"bf": [289, 279, 299, 314, 318, 297, 313, 317, 311, 313, 320, 323, 308, 327, 312, 333, 342, 331, 303, 308, 320, 317, 305, 320, 333, 314, 326, 327, 309, 317, 333, 328, 314, 315, 317, 287, 304, 320, 307, 315, 332, 343, 328, 336, 334, 326, 318, 318, 301, 315, 332], "bs": [52, 57, 64, 57, 53, 52, 58, 58, 57, 55, 49, 58, 56, 61, 59, 58, 60, 59, 62, 57, 58, 59, 60, 61, 60, 63, 54, 57, 57, 60, 60, 65, 59, 55, 58, 53, 60, 60, 58, 58, 54, 58, 58, 54, 57, 58, 57, 66, 58, 58, 59], "sd": [97, 95, 87, 92, 99, 98, 97, 98, 103, 103, 100, 92, 92, 96, 102, 101, 96, 93, 95, 102, 94, 97, 89, 94, 96, 94, 101, 86, 88, 93, 90, 92, 103, 92, 97, 103, 100, 94, 89, 90, 103, 98, 33, 44, 91, 104, 96, 86, 97, 98, 89], "df": [140, 127, 148, 165, 166, 147, 158, 161, 151, 155, 171, 173, 160, 170, 151, 174, 186, 179, 146, 149, 168, 161, 156, 165, 177, 157, 171, 184, 164, 164, 183, 171, 152, 168, 162, 131, 144, 166, 160, 167, 175, 187, 237, 238, 186, 164, 165, 166, 146, 159, 184], "sf": [237, 222, 235, 257, 265, 245, 255, 259, 254, 258, 271, 265, 252, 266, 253, 275, 282, 272, 241, 251, 262, 258, 245, 259, 273, 251, 272, 270, 252, 257, 273, 263, 255, 260, 259, 234, 244, 260, 249, 257, 278, 285, 270, 282, 277, 268, 261, 252, 243, 257, 273], "rr": [294, 286, 292, 310, 317, 303, 313, 316, 309, 307, 329, 321, 313, 325, 311, 335, 341, 334, 298, 309, 321, 318, 306, 319, 336, 305, 329, 327, 312, 317, 338, 322, 318, 312, 294, 304, 318, 307, 311, 336, 343, 324, 339, 335, 325, 327, 310, 301, 316], "asd": [236.7148163654827, 252.6887224776669, 250.84879688195554, 224.46445040517904, 235.47327341862137, 208.82176886195418, 248.24769313843353, 236.74973769790665, 244.24443737793774, 264.7753682084632, 244.60871147280193, 203.05870463247243, 256.996576550497, 264.7348327165372, 207.6713652366883, 287.03399710774477, 253.148999979701, 272.07051521231085, 244.87667434624643, 290.4412204987128, 281.5657036199468, 286.0252376410406, 297.11415958574105, 272.5835964589754, 272.8330929937914, 287.5071477869319, 291.6496600845809, 237.44144501713106, 238.3254924204556, 256.06223196307553, 332.64335231801294, 301.86208765365416, 106.99200878606075, 306.0307259554522, 314.7377080164497, 283.2673323876154, 265.7445683245397, 266.89498643113814, 235.0860873371396, 271.6457163034639, 245.50620500347873, 214.61552339058528, 288.2792304996317, 159.19811977636618, 211.63134258820094, 251.96277236146216, 238.10749968393156, 211.41904322433265, 238.7465626202844, 261.37673703746543, 249.15237607020288], "asf": [568.8335365517125, 584.9630600570791, 641.412248374917, 624.0486728406677, 624.9206073896859, 592.1882590834427, 650.0040959433109, 670.0725266837273, 647.2814310283351, 677.4492208903732, 702.5204270280406, 654.8607038780317, 719.835813684294, 786.4398273760748, 675.7485339765426, 797.6138389846273, 785.712985310802, 735.8190856970612, 655.1237683120628, 759.5480019933183, 788.021450073159, 755.0367023230795, 743.1690475694284, 749.5636754105199, 748.0774762775914, 750.6019913705085, 792.9925125080956, 719.9978676259784, 708.3845913882296, 713.1196795501259, 915.1327750000219, 841.8444097033353, 556.6155484304712, 816.9268501080941, 753.0882431021906, 668.5917601814189, 682.1105376336133, 686.5715879305847, 627.024949818179, 699.8635544060712, 712.3998188580488, 645.4366348309836, 781.5812418295254, 697.5171151351642, 697.8910272739004, 702.5061017447192, 691.7867537136641, 652.934557333534, 687.2104378074639, 729.1585492797165, 765.1535144897449], "ptt": [3, 10, 9, 3, 15, 6, 17, 13, 7, 8, 10, 4, 11, 9, 6, 7, 6, 7, 13, 11, 2, 2, 9, 7, 7, 12, 7, 2, 20, 6, 6, 12, 9, 7, 12, 10, 3, 7, 10, 6, 9, 10, 5, 2, 6, 2, 11, 4, 1, 4]}