{"bf": [527, 524, 515, 511, 487, 498, 465, 370, 460, 504, 499, 328, 506, 475, 499, 438, 505, 466, 407, 496, 491, 496, 414, 504, 391, 519, 481, 514, 488, 498, 525, 498, 524, 450, 554, 422, 469, 491, 500, 497, 500, 470, 487, 468, 496, 481, 426, 487], "bs": [95, 199, 100, 107, 88, 129, 117, 103, 110, 125, 131, 108, 106, 88, 123, 101, 120, 110, 128, 121, 101, 125, 104, 183, 71, 152, 139, 111, 109, 123, 108, 133, 111, 122, 141, 108, 110, 128, 127, 134, 89, 71, 67, 106, 98, 98, 102, 120], "sd": [0, 0, 0, 0, 0, 0, 129, 0, 0, 0, 0, 0, 0, 0, 0, 0, 0, 0, 0, 0, 0, 0, 0, 0, 0, 0, 0, 0, 0, 98, 0, 0, 0, 76, 0, 0, 0, 0, 0, 0, 0, 0, 0, 0, 0, 0, 0, 0], "df": [0, 0, 0, 0, 0, 0, 219, 0, 0, 0, 0, 0, 0, 0, 0, 0, 0, 0, 0, 0, 0, 0, 0, 0, 0, 0, 0, 0, 0, 277, 0, 0, 0, 252, 0, 0, 0, 0, 0, 0, 0, 0, 0, 0, 0, 0, 0, 0], "sf": [432, 325, 415, 404, 399, 369, 348, 267, 350, 379, 368, 220, 400, 387, 376, 337, 385, 356, 279, 375, 390, 371, 310, 321, 320, 367, 342, 403, 379, 375, 417, 365, 413, 328, 413, 314, 359, 363, 373, 363, 411, 399, 420, 362, 398, 383, 324, 367], "rr": [631, 425, 522, 492, 528, 4581, -4581, 0, 475, 510, 476, 488, 510, 477, 0, 0, 495, 484, 476, 475, 493, 0, 472, 506, -17759, 18712, 512, 502, 483, 550, 476, 535, 469, 521, 424, 487, 490, 507, 452, 482, 466, 526, 460, 496, 444], "asd": [0, 0, 0, 0, 0, 0, 96.02182537911801, 0, 0, 0, 0, 0, 0, 0, 0, 0, 0, 0, 0, 0, 0, 0, 0, 0, 0, 0, 0, 0, 0, 73.24258508219714, 0, 0, 0, 29.589760018877428, 0, 0, 0, 0, 0, 0, 0, 0, 0, 0, 0, 0, 0, 0], "asf": [498.63525994390835, 497.8637922677103, 496.74638682567155, 470.7686507582732, 462.7016752688274, 459.1780544779689, 377.9115425133818, 375.02573701306744, 477.00421381990145, 428.95643834853047, 434.55495011935477, 387.04997896218646, 560.0338993681763, 467.46578509224935, 428.7653645249808, 374.98738459101577, 529.1486342205803, 448.9873338997535, 418.7487746044122, 429.65603350335357, 497.93732174273106, 526.2677776945276, 431.6356530392983, 467.30815614372653, 510.3785550096752, 450.2247148380245, 526.3992403478089, 555.0594163834087, 620.8979230760292, 559.4113891645679, 544.767091448116, 554.0393846100429, 511.3829260259018, 544.0794821038556, 455.83675783075614, 558.6411286708488, 508.03935982821207, 535.5749656955161, 622.1505527509668, 550.443793961749, 547.365808774449, 527.3560729763925, 462.48666350576246, 461.36173774280576, 539.837241113499, 559.3376804881482, 484.4053577048502, 662.7708828875755], "ptt": [-49, -47, -49, -7, -49, -35, -49, -30, -44, -1, -49, -49, -49, -29, -37, -46, -9, -21, -41, -49, -36, -49, -11, -49, -8, -21, -18, -16, -48, -4, -40, -13, -46, -30, -29, -24, -3, -49, -27, -49, -12, -13, -17, -49]}