{"bf": [486, 481, 459, 454, 464, 461, 427, 500, 472, 430, 457, 483, 478, 450, 458, 488, 462, 455, 474, 554, 397, 503, 482, 492, 453, 438], "bs": [123, 108, 144, 155, 129, 123, 178, 118, 120, 120, 132, 105, 117, 142, 102, 163, 122, 107, 124, 261, 139, 151, 92, 144, 141, 194], "sd": [0, 0, 0, 0, 0, 0, 79, 92, 0, 0, 0, 0, 0, 0, 0, 0, 0, 0, 0, 0, 0, 112, 0, 0, 0, 0], "df": [0, 0, 0, 0, 0, 0, 170, 290, 0, 0, 0, 0, 0, 0, 0, 0, 0, 0, 0, 0, 0, 240, 0, 0, 0, 0], "sf": [363, 373, 315, 299, 335, 338, 249, 382, 352, 310, 325, 378, 361, 308, 356, 325, 340, 348, 350, 293, 258, 352, 390, 348, 312, 244], "rr": [0, 0, 0, 0, 3645, 517, -4162, 5104, 0, 516, 0, 0, -10705, 11605, 0, 0, 0, 410, 519, 447, -20916, 21880, -21880, 0, 432, 409, 444, 0, 489, 506, 0], "asd": [0, 0, 0, 0, 0, 0, 83.547580889247, 126.86042202513386, 0, 0, 0, 0, 0, 0, 0, 0, 0, 0, 0, 0, 0, 100.23524094429933, 0, 0, 0, 0], "asf": [631.2004650440767, 597.7862177974314, 598.0827792618344, 636.0483317179362, 599.9827043887233, 641.6449496117555, 645.8342746651035, 661.1612591075707, 636.7917283472407, 658.7026789922141, 494.9114148060336, 576.7579253658234, 536.0959594460535, 553.2393922863063, 588.7293093142787, 598.4660580259708, 570.5320469777789, 513.7365007592718, 485.548539311931, 570.6345919230648, 578.538121959775, 689.5133209814247, 645.8719244864424, 580.8460759137272, 605.9402812428923, 381.63689368088654], "ptt": [-29, -49, -30, -31, -49, -30, -10, -36, -42, -49, -42, -44, -47, -33, -40, -43, -43, -9, -49, -15]}