{"bf": [393, 434, 391, 431, 446, 405, 474, 450, 417, 427, 394, 430, 450, 410, 453, 428, 454, 428, 418, 399, 434, 359, 377, 384, 375, 423, 408, 402, 404, 413, 394], "bs": [157, 175, 77, 100, 181, 171, 158, 140, 132, 146, 127, 128, 168, 103, 195, 157, 155, 133, 172, 178, 131, 137, 115, 164, 126, 165, 149, 125, 125, 118, 140], "sd": [0, 0, 0, 0, 0, 0, 0, 0, 0, 61, 96, 0, 0, 62, 0, 0, 78, 0, 0, 0, 0, 0, 0, 0, 0, 0, 0, 0, 0, 0, 0], "df": [0, 0, 0, 0, 0, 0, 0, 0, 0, 220, 171, 0, 0, 245, 0, 0, 221, 0, 0, 0, 0, 0, 0, 0, 0, 0, 0, 0, 0, 0, 0], "sf": [236, 259, 314, 331, 265, 234, 316, 310, 285, 281, 267, 302, 282, 307, 258, 271, 299, 295, 246, 221, 303, 222, 262, 220, 249, 258, 259, 277, 279, 295, 254], "rr": [411, 414, 512, 436, 392, 442, 0, 0, 0, 0, 0, 0, 395, 470, 385, 502, 0, 426, 432, 0, 22505, 352, 440, -23297, 24040, 426, 346, 407, 384, 402, 435], "asd": [0, 0, 0, 0, 0, 0, 0, 0, 0, 120.65281936358895, 137.97835907477838, 0, 0, 87.77439567312376, 0, 0, 151.26668699702793, 0, 0, 0, 0, 0, 0, 0, 0, 0, 0, 0, 0, 0, 0], "asf": [389.87866792487426, 443.8851573333134, 482.6356861604573, 555.4428398043723, 451.14530915219177, 538.7082292050702, 414.33540752149804, 543.4024333509333, 484.8894052326739, 523.4824121713459, 524.6093211896965, 595.0095722101387, 445.67151275058177, 494.6523499729055, 404.15612793250006, 648.4171976382179, 604.0648162903079, 540.4757483284603, 426.61392856877535, 519.0897451954813, 498.4944324881511, 425.6046316154905, 428.6990002665292, 473.3137671209659, 489.63679533598616, 523.729366853177, 605.143592026159, 732.7232903822576, 581.7528687128195, 625.7771133861406, 529.4084104256444], "ptt": [-34, -47, -41, -36, -24, -46, -35, -22, -12, -18, -33, -2, -19, -10, -21, -1, -12, -37, -6, -20, -4, -17]}