{"bf": [406, 426, 422, 416, 435, 452, 421, 440, 420, 415, 415, 398, 453, 417, 424, 400, 423, 421, 372, 396, 444, 437, 414, 418, 437, 448, 423, 412, 418, 407, 426, 337, 366, 350, 359, 364, 355, 418, 385, 403, 444, 427, 414, 445, 425, 379, 454, 402, 433], "bs": [146, 147, 155, 153, 167, 171, 140, 146, 153, 121, 137, 129, 166, 135, 140, 140, 154, 179, 132, 120, 141, 143, 139, 135, 154, 150, 126, 132, 131, 172, 149, 111, 136, 153, 138, 154, 122, 149, 110, 145, 180, 139, 127, 174, 144, 139, 196, 133, 130], "sd": [0, 136, 62, 0, 0, 0, 0, 0, 0, 0, 0, 0, 0, 66, 71, 0, 0, 0, 0, 0, 0, 0, 0, 0, 58, 0, 0, 0, 0, 0, 0, 0, 0, 0, 0, 55, 91, 64, 0, 0, 0, 0, 0, 0, 0, 0, 0, 0, 0], "df": [0, 143, 205, 0, 0, 0, 0, 0, 0, 0, 0, 0, 0, 216, 213, 0, 0, 0, 0, 0, 0, 0, 0, 0, 225, 0, 0, 0, 0, 0, 0, 0, 0, 0, 0, 155, 142, 205, 0, 0, 0, 0, 0, 0, 0, 0, 0, 0, 0], "sf": [260, 279, 267, 263, 268, 281, 281, 294, 267, 294, 278, 269, 287, 282, 284, 260, 269, 242, 240, 276, 303, 294, 275, 283, 283, 298, 297, 280, 287, 235, 277, 226, 230, 197, 221, 210, 233, 269, 275, 258, 264, 288, 287, 271, 281, 240, 258, 269, 303], "rr": [0, 0, 2440, 434, 420, 430, 439, 5449, 427, -5876, 6732, 388, -7988, 0, 435, 422, 422, 424, 414, 448, 374, 360, 417, 446, 433, 410, 437, 433, 424, 429, 411, 459, 384, 388, 362, 383, 335, 375, 332, 382, 379, 21762, 438, 403, 0, 0, 0, 461, 415, 420, 436, 391], "asd": [0, 256.8000984735596, 107.34861021707513, 0, 0, 0, 0, 0, 0, 0, 0, 0, 0, 85.72609671055454, 94.0088315791179, 0, 0, 0, 0, 0, 0, 0, 0, 0, 90.81196813287488, 0, 0, 0, 0, 0, 0, 0, 0, 0, 0, 125.4487307032881, 201.88148353350005, 89.33086964002007, 0, 0, 0, 0, 0, 0, 0, 0, 0, 0, 0], "asf": [434.5038918760689, 542.7564828500025, 551.5343979692998, 521.1024195277264, 589.8904917510777, 537.6241446495142, 558.2416401969695, 523.9040388585763, 456.7933763160123, 453.3870835643181, 603.3681902057607, 507.9685092259482, 506.9202322195827, 527.6776276226436, 558.2641543253699, 518.9723406450677, 554.7166869873649, 580.5302628238933, 573.948211654601, 527.7184290774497, 579.1814564880999, 548.4592817128002, 558.2687608445308, 566.7005757919875, 621.8437514850028, 461.249222367, 521.5051448796535, 607.2423801447878, 576.3772412528494, 606.5762974836078, 617.0860260167402, 585.7650890573465, 634.7419454347864, 583.1663854374042, 626.7564085454999, 583.2678826172112, 578.1559093295492, 593.8263673994855, 589.1737949965909, 515.7667362417046, 668.7418504681293, 534.8056596407163, 516.3022001421313, 524.4767863663678, 551.442067672524, 441.7785604545779, 710.0205358859728, 463.17910653476144, 423.46409682213846], "ptt": [7, 8, 24, 13, 21, 9, 14, 9, 12, 18, 8, 8, 20, 32, 1, 11, 24, 7, 4, 9, 9, 40, 10, 25, 1, 20, 16, 10, 18, 6, 27, 32, 32, 14, 4]}