{"bf": [400, 349, 357, 383, 356, 399, 364, 360, 374, 409, 413, 414, 414, 415, 405, 410, 405, 334, 337, 332, 329, 363, 341, 311, 336, 388, 361, 391, 403, 393, 398, 401, 404, 405, 356, 411, 406, 389, 400, 390, 301], "bs": [119, 123, 106, 108, 102, 101, 105, 109, 124, 112, 120, 127, 120, 107, 111, 124, 125, 85, 125, 132, 106, 113, 85, 95, 144, 114, 132, 126, 126, 118, 106, 119, 125, 115, 125, 137, 133, 122, 115, 116, 125], "sd": [0, 0, 57, 0, 0, 74, 0, 0, 0, 0, 0, 0, 0, 0, 0, 0, 0, 0, 0, 0, 107, 0, 55, 0, 0, 0, 0, 0, 77, 0, 0, 0, 0, 0, 0, 0, 0, 0, 0, 63, 0], "df": [0, 0, 194, 0, 0, 224, 0, 0, 0, 0, 0, 0, 0, 0, 0, 0, 0, 0, 0, 0, 116, 0, 201, 0, 0, 0, 0, 0, 200, 0, 0, 0, 0, 0, 0, 0, 0, 0, 0, 211, 0], "sf": [281, 226, 251, 275, 254, 298, 259, 251, 250, 297, 293, 287, 294, 308, 294, 286, 280, 249, 212, 200, 223, 250, 256, 216, 192, 274, 229, 265, 277, 275, 292, 282, 279, 290, 231, 274, 273, 267, 285, 274, 176], "rr": [404, 0, 0, 359, 355, 403, 368, 375, 362, 417, 420, 407, 401, 419, 418, 411, 374, 344, 306, 336, 335, 351, 360, 306, 406, 355, 391, 395, 381, 411, 407, 394, 415, 368, 407, 395, 382, 401, 0, 0, 0, 0], "asd": [0, 0, 95.70459191042596, 0, 0, 79.17727940331724, 0, 0, 0, 0, 0, 0, 0, 0, 0, 0, 0, 0, 0, 0, 151.82381829191593, 0, 44.524872739968146, 0, 0, 0, 0, 0, 97.34567227638524, 0, 0, 0, 0, 0, 0, 0, 0, 0, 0, 81.05676764094903, 0], "asf": [483.94769771879555, 587.5896361725694, 443.63404938892893, 459.97691278562985, 547.1527830941657, 559.2702913807999, 510.2622063917311, 489.2645625989378, 570.8853794822587, 648.2819020727826, 568.7301587887716, 646.8510242949641, 593.5618976655808, 675.7148897265841, 664.5346994110521, 627.2732873264436, 597.40652159442, 529.7757186213191, 535.9838680533618, 585.1540873681178, 574.1228400539876, 505.50905326068397, 562.7561258357917, 545.0337895543005, 558.9571606655063, 585.3792841435029, 502.6295088603926, 553.3745036182345, 642.537840787713, 651.5255261542015, 642.8282968929793, 707.1275353347901, 695.911176006875, 738.8473576943446, 556.0170740926058, 603.6342222023982, 674.253498389532, 847.8411669937188, 550.5741145281829, 494.6368758572335, 407.4723308695214], "ptt": [-8, -15, -20, -13, -11, -1, -9, -11, -49, -34, -20, -24, -16, -12, -38, -8, -14, -2, -12, -11, -7, -7, -39, -20, -5, -48, -1, -18, -17, -25]}