{"bf": [390, 350, 408, 412, 420, 409, 401, 325, 350, 332, 344, 408, 414, 402, 400, 397, 411, 395, 328, 331, 312, 316, 332, 361, 382, 394, 379, 389, 387, 401, 389, 375, 383, 343, 388, 381, 379, 372, 388, 384, 373, 375, 395, 381, 387, 381, 394, 392, 385, 391, 314, 348, 338, 366, 328, 342, 333, 334], "bs": [109, 117, 114, 121, 130, 120, 133, 120, 103, 113, 118, 123, 103, 110, 107, 108, 122, 105, 121, 124, 94, 110, 118, 110, 119, 128, 107, 129, 119, 123, 113, 107, 109, 109, 120, 112, 122, 128, 126, 118, 130, 108, 126, 114, 141, 128, 125, 113, 108, 122, 123, 120, 101, 97, 99, 116, 99, 114], "sd": [0, 0, 0, 0, 0, 0, 0, 0, 132, 0, 0, 0, 72, 0, 0, 0, 78, 0, 0, 111, 0, 0, 104, 0, 0, 0, 0, 0, 0, 61, 0, 62, 0, 0, 0, 0, 0, 141, 0, 0, 0, 0, 0, 0, 0, 0, 0, 0, 0, 0, 0, 0, 0, 0, 0, 0, 0, 0], "df": [0, 0, 0, 0, 0, 0, 0, 0, 115, 0, 0, 0, 239, 0, 0, 0, 211, 0, 0, 96, 0, 0, 110, 0, 0, 0, 0, 0, 0, 217, 0, 206, 0, 0, 0, 0, 0, 103, 0, 0, 0, 0, 0, 0, 0, 0, 0, 0, 0, 0, 0, 0, 0, 0, 0, 0, 0, 0], "sf": [281, 233, 294, 291, 290, 289, 268, 205, 247, 219, 226, 285, 311, 292, 293, 289, 289, 290, 207, 207, 218, 206, 214, 251, 263, 266, 272, 260, 268, 278, 276, 268, 274, 234, 268, 269, 257, 244, 262, 266, 243, 267, 269, 267, 246, 253, 269, 279, 277, 269, 191, 228, 237, 269, 229, 226, 234, 220], "rr": [1051, -1051, 0, 347, 415, 421, 410, 422, 5925, -5925, 7285, 360, 337, -7982, 8731, -8731, 9553, 421, 399, 401, 411, 394, -11579, 12316, 331, -12647, 13636, 328, 324, 324, -14612, 15307, 391, 373, 401, 379, 391, 391, 383, 377, 383, 354, 380, 391, 385, 370, 380, 396, 351, 393, 383, 408, 374, 378, 382, 387, 399, 392, 311, 329, 334, 368, 345, 325, 348], "asd": [0, 0, 0, 0, 0, 0, 0, 0, 301.28328370341166, 0, 0, 0, 75.88486031863715, 0, 0, 0, 123.19706965916635, 0, 0, 134.01557319182302, 0, 0, 169.6431460485535, 0, 0, 0, 0, 0, 0, 92.03211804588364, 0, 108.50475320003932, 0, 0, 0, 0, 0, 164.47416835882962, 0, 0, 0, 0, 0, 0, 0, 0, 0, 0, 0, 0, 0, 0, 0, 0, 0, 0, 0, 0], "asf": [449.41967537915775, 535.0105080598526, 624.3852325695532, 692.3840180081709, 631.9516671098542, 620.5305139154398, 928.8514954568511, 505.8439765784587, 588.9114426694465, 611.4346284046812, 668.1343088142161, 587.757787072205, 585.9449805567403, 698.2690132809676, 677.17334886625, 657.1536483308681, 638.0955106350281, 631.1606923916992, 549.5064020922953, 491.1313013701902, 492.75346710050223, 526.6206751427057, 461.20115558701934, 556.3099455747827, 572.7434691118274, 527.9186609666255, 578.5306167702702, 574.4917238574919, 560.6269009165342, 613.8477004115693, 567.8835194826966, 556.6381754183323, 533.019136063873, 458.9768986364547, 556.4579791958076, 507.8129627116897, 605.5414332795016, 571.0447516741849, 575.5624044128167, 566.1222920542932, 559.141366094133, 577.6485027479048, 594.9250751723615, 580.303020520438, 565.5506744386596, 614.6970381210101, 625.3398754137104, 602.9403521127097, 563.576033073402, 560.6900376566582, 596.1693436890632, 650.9767259164598, 512.6004686926674, 562.805339638785, 503.956289596389, 621.2469937421835, 609.7973014190795, 564.9761192310543], "ptt": [-32, -17, -43, -11, -10, -1, -26, -9, -6, -10, -1, -19, -8, -10, -1, -12, -27, -11, -24, -24, -19, -17]}