{"bf": [369, 402, 368, 411, 449, 460, 456, 439, 435, 440, 446, 454, 488, 458, 469, 470, 448, 482, 470, 439, 457, 468, 431, 442, 461, 423, 458, 459, 456, 441, 449, 465, 467, 443, 433, 447, 418, 453, 448, 397, 491, 430, 427, 436, 432, 396, 411, 417, 437, 415, 430, 465], "bs": [106, 173, 124, 135, 145, 135, 157, 152, 203, 137, 148, 138, 148, 174, 146, 151, 170, 151, 124, 170, 151, 159, 149, 159, 166, 151, 160, 156, 167, 162, 143, 129, 133, 137, 133, 139, 135, 161, 156, 197, 175, 154, 130, 147, 155, 136, 130, 142, 171, 168, 140, 148], "sd": [0, 0, 0, 74, 0, 0, 0, 0, 82, 0, 0, 73, 0, 0, 70, 0, 0, 0, 0, 0, 0, 0, 141, 75, 0, 0, 0, 0, 0, 0, 0, 0, 0, 0, 0, 0, 0, 0, 0, 0, 0, 0, 0, 0, 98, 0, 0, 0, 0, 0, 0, 0], "df": [0, 0, 0, 202, 0, 0, 0, 0, 150, 0, 0, 243, 0, 0, 253, 0, 0, 0, 0, 0, 0, 0, 141, 208, 0, 0, 0, 0, 0, 0, 0, 0, 0, 0, 0, 0, 0, 0, 0, 0, 0, 0, 0, 0, 179, 0, 0, 0, 0, 0, 0, 0], "sf": [263, 229, 244, 276, 304, 325, 299, 287, 232, 303, 298, 316, 340, 284, 323, 319, 278, 331, 346, 269, 306, 309, 282, 283, 295, 272, 298, 303, 289, 279, 306, 336, 334, 306, 300, 308, 283, 292, 292, 200, 316, 276, 297, 289, 277, 260, 281, 275, 266, 247, 290, 317], "rr": [0, -1765, 379, 421, 439, -4527, 451, 490, 369, 451, 436, 464, 514, -9038, 9881, 474, 489, 429, 455, 516, 420, -12664, 13584, 458, 441, 449, 446, 432, 454, 470, 451, 422, 435, 469, 471, 439, 439, 443, 444, 448, 489, 375, 470, 406, 444, 444, 413, 390, 423, 446, 434, 387, 438], "asd": [0, 0, 0, 132.19472790279167, 0, 0, 0, 0, 149.65927208483413, 0, 0, 104.44195756762008, 0, 0, 60.97002771305915, 0, 0, 0, 0, 0, 0, 0, 369.31287212692666, 96.59661259528173, 0, 0, 0, 0, 0, 0, 0, 0, 0, 0, 0, 0, 0, 0, 0, 0, 0, 0, 0, 0, 174.2709961953168, 0, 0, 0, 0, 0, 0, 0], "asf": [462.7884069330932, 565.0304767888945, 503.8176219261176, 609.9433898367084, 638.1984885758404, 604.9555060131881, 474.4577333105084, 571.9585984145888, 432.082766619636, 525.0632329659683, 570.330957576725, 528.4544735978589, 528.7613596118105, 599.2048710805752, 556.7999855052954, 661.5399403893294, 497.7219495323056, 653.079483296698, 746.4685685969615, 546.0830212044364, 683.6525845342984, 627.125344427295, 684.368897907628, 614.4047213267029, 736.9686995351617, 634.2945403275589, 704.9593403535789, 736.0736561082874, 676.4228330682215, 617.9268768073468, 728.2144494912775, 807.7525868345319, 727.8841279671693, 796.6829384518408, 630.7140842681646, 743.4339762290474, 778.2514953908924, 947.7227409316657, 648.4692021406389, 745.5433580010897, 730.5018771751966, 595.9796426658779, 528.1078927066499, 573.3557363761274, 600.3445782871374, 551.8289774509753, 511.91134545772786, 615.3010685417014, 597.1646009739111, 560.8454294507676, 686.6098230241602, 642.9920175222198], "ptt": [1, 17, 14, 30, 2, 20, 12, 9, 16, 24, 16, 21, 25, 2, 4, 16, 19, 19, 1, 37, 1, 2, 41, 6, 12, 5, 18, 46, 13, 6]}