{"bf": [532, 469, 511, 493, 487, 492, 504, 482, 502, 539, 540, 509, 517, 483, 504, 512, 515, 501, 500, 554, 520, 410, 551, 513, 486, 488, 507, 510, 524, 525, 522, 514, 514, 514, 525, 533], "bs": [234, 163, 171, 176, 158, 162, 186, 142, 166, 176, 166, 174, 157, 132, 138, 142, 150, 163, 152, 200, 156, 153, 161, 147, 141, 143, 175, 172, 172, 176, 213, 201, 181, 185, 139, 185], "sd": [0, 0, 0, 0, 0, 0, 0, 0, 246, 0, 0, 0, 0, 0, 0, 0, 0, 0, 96, 0, 0, 0, 0, 151, 0, 0, 0, 0, 0, 0, 0, 0, 0, 0, 0, 0], "df": [0, 0, 0, 0, 0, 0, 0, 0, 90, 0, 0, 0, 0, 0, 0, 0, 0, 0, 252, 0, 0, 0, 0, 215, 0, 0, 0, 0, 0, 0, 0, 0, 0, 0, 0, 0], "sf": [298, 306, 340, 317, 329, 330, 318, 340, 336, 363, 374, 335, 360, 351, 366, 370, 365, 338, 348, 354, 364, 257, 390, 366, 345, 345, 332, 338, 352, 349, 309, 313, 333, 329, 386, 348], "rr": [0, 461, 477, 516, 0, 5880, 0, 0, 8290, 516, 460, 506, 512, 529, 548, 492, 492, 489, 508, 520, 528, 490, 548, 510, 517, -16979, 507, 488, 520, 504, 528, 562, 510, 494, 468, 0], "asd": [0, 0, 0, 0, 0, 0, 0, 0, 518.1114309194311, 0, 0, 0, 0, 0, 0, 0, 0, 0, 113.98887920145387, 0, 0, 0, 0, 165.33993467697258, 0, 0, 0, 0, 0, 0, 0, 0, 0, 0, 0, 0], "asf": [533.0510131350086, 443.9339731438678, 588.47749056661, 566.5546581397541, 564.3890395642422, 579.4017507662514, 647.0408009585474, 586.2336965855702, 700.9430233612907, 714.0440074317441, 644.3959628400379, 538.7203433287907, 588.0867730761968, 676.6011273532158, 559.8756055140625, 641.8416976433118, 723.3703057813532, 518.0512963892725, 599.7450605403803, 785.5207362993592, 626.5032804384964, 443.382219303534, 638.2229652641636, 594.3278197509034, 507.24544995331956, 634.0784987551093, 624.2875912542082, 565.7491252267599, 577.4000460135456, 596.1733405851493, 432.5579150550475, 544.2376517436064, 567.1224928019129, 533.0912014323189, 567.431637233163, 562.7836024681721], "ptt": [-41, -4, -18, -11, -49, -49, -3, -43, -6, -48, -49, -29, -48, -1, -31, -25, -21, -17, -7]}