{"bf": [442, 423, 441, 437, 468, 413, 427, 435, 412, 405, 401, 390, 396, 416, 394, 423, 379, 356, 360, 366, 396, 400, 372, 364, 380, 426, 441, 428, 414, 418, 409, 375, 404, 403, 397, 418, 441, 428, 404, 424, 395, 419, 359, 341, 363], "bs": [112, 105, 122, 100, 105, 100, 95, 109, 108, 90, 104, 106, 93, 104, 94, 92, 90, 96, 106, 94, 92, 78, 89, 93, 89, 108, 96, 96, 103, 100, 98, 90, 101, 103, 87, 92, 91, 81, 90, 103, 99, 92, 79, 100, 95], "sd": [0, 101, 79, 77, 77, 72, 81, 95, 74, 0, 91, 90, 94, 102, 77, 83, 70, 0, 64, 104, 119, 0, 102, 100, 89, 0, 115, 79, 0, 0, 117, 102, 107, 95, 108, 114, 102, 79, 95, 115, 113, 79, 0, 0, 88], "df": [0, 217, 240, 260, 286, 241, 251, 231, 230, 0, 206, 194, 209, 210, 223, 248, 219, 0, 190, 168, 185, 0, 181, 171, 202, 0, 230, 253, 0, 0, 194, 183, 196, 205, 202, 212, 248, 268, 219, 206, 183, 248, 0, 0, 180], "sf": [330, 318, 319, 337, 363, 313, 332, 326, 304, 315, 297, 284, 303, 312, 300, 331, 289, 260, 254, 272, 304, 322, 283, 271, 291, 318, 345, 332, 311, 318, 311, 285, 303, 300, 310, 326, 350, 347, 314, 321, 296, 327, 280, 241, 268], "rr": [1646, 440, 419, 442, 463, 408, 441, 434, 394, 419, 403, 377, 407, 406, 392, 421, 385, 366, 348, 364, -10526, 0, 376, 360, 13999, 414, 441, 435, 411, -15700, 16497, 401, 386, 406, 387, 402, 417, 431, 437, 417, 420, -20601, 21410, 406, -21816, 22558, -22558, 23209], "asd": [0, 139.29419649091437, 130.7625487076259, 113.95970182773408, 138.95508537005446, 155.40949383948805, 172.25838132251454, 177.07495037110982, 140.52352533799308, 0, 154.7966848739677, 154.03846624544735, 189.67171712185575, 214.52300096184274, 154.49052469463504, 212.9040364029796, 140.30163607164104, 0, 184.49642631087, 234.26336882492757, 163.45809854264633, 0, 229.10878149865056, 178.35214887000734, 231.91562084074712, 0, 265.7175224740413, 216.54679238120866, 0, 0, 192.27481884928318, 202.58089370586902, 239.13539903667413, 225.19262365169038, 216.84493922912213, 239.79471958138583, 171.08932796041609, 135.19382774549013, 246.351291699292, 219.49966199659912, 216.77187982158705, 218.28991014671578, 0, 0, 251.39540858906355], "asf": [605.4854934369268, 556.3327731125474, 556.4475537087621, 581.249839079716, 628.0817475592258, 580.3853614551876, 627.9050721598579, 682.837633861076, 551.6437582357499, 593.4397780510054, 562.7919931191104, 517.8526773930843, 613.4892156786876, 628.0412727113201, 537.4888461427906, 608.680216161608, 542.9314198597085, 521.3877827251054, 550.5626629763285, 602.1286243425981, 529.4635509973938, 691.2170630675565, 564.0338742622573, 506.12809143352194, 602.2951059950776, 723.9977316940989, 765.3365830324566, 693.0170169022654, 711.0524776501177, 631.1543676042156, 620.9831060674942, 625.6961306292877, 647.7343196290049, 664.1002399841216, 732.5968430207326, 668.4769794542038, 702.1290861580444, 618.0898808729507, 698.8125275921637, 675.5806728927952, 649.2389492924387, 794.5339908726085, 604.7128192275862, 666.4634548436728, 606.1769816251051], "ptt": [-42, -40, -1, -3, -31, -19, -20, -2, -17, -5, -3, -26, -8, -1, -3, -11, -33, -10, -18, -18, -4, -22, -2, -22, -9, -20, -9, -4]}