{"bf": [362, 326, 387, 401, 425, 433, 420, 443, 438, 428, 308, 442, 421, 411, 418, 436, 450, 437, 452, 429, 425, 425, 413, 402, 394, 426, 438, 439, 442, 416, 446, 434, 406, 429, 425, 425, 424, 389], "bs": [96, 91, 80, 81, 95, 84, 88, 103, 91, 100, 85, 95, 84, 91, 91, 96, 102, 84, 108, 93, 95, 97, 103, 101, 111, 104, 108, 107, 106, 103, 106, 92, 89, 100, 99, 103, 101, 94], "sd": [104, 118, 110, 115, 104, 92, 91, 0, 113, 127, 116, 100, 0, 134, 101, 0, 0, 122, 72, 105, 73, 78, 101, 115, 100, 0, 92, 77, 0, 0, 117, 95, 74, 99, 101, 100, 98, 0], "df": [162, 117, 197, 205, 226, 257, 241, 0, 234, 201, 107, 247, 0, 186, 226, 0, 0, 231, 272, 231, 257, 250, 209, 186, 183, 0, 238, 255, 0, 0, 223, 247, 243, 230, 225, 222, 225, 0], "sf": [266, 235, 307, 320, 330, 349, 332, 340, 347, 328, 223, 347, 337, 320, 327, 340, 348, 353, 344, 336, 330, 328, 310, 301, 283, 322, 330, 332, 336, 313, 340, 342, 317, 329, 326, 322, 323, 295], "rr": [0, 3392, 357, 315, 388, 415, 414, 437, 435, 431, 447, 413, 431, 0, 11714, 411, 423, 442, 432, 461, 437, 431, 427, 431, 411, 412, 387, 430, 437, 438, 439, 419, 432, 431, 417, 428, 429, 423, -21542, 0, 22836], "asd": [209.2397703231818, 165.29942902825542, 157.75961161814257, 154.26440253052874, 184.43741966154641, 188.08687106597029, 166.81953357152156, 0, 162.19035065915705, 167.72369268773593, 154.19777959002715, 142.37987616125963, 0, 163.25722613520713, 126.40157781118467, 0, 0, 142.26741638895965, 191.29185706076248, 179.0240731207473, 149.85698251618987, 195.97770693040331, 177.19427265609568, 161.15476410989118, 219.3918367666589, 0, 212.80778230133217, 173.19109533106155, 0, 0, 232.41106222297435, 218.30883849576117, 112.69203331203687, 225.11736288876148, 198.90330723339434, 184.39146774490655, 186.04481962337593, 0], "asf": [507.37012584492487, 463.6838112227191, 474.22593637769285, 480.9081818330619, 605.6011706605836, 601.6199336599386, 594.248355231925, 638.735585682205, 645.6513106968087, 620.4899259999543, 423.17928368368007, 529.8371775312858, 540.2974824328422, 486.63004534844885, 496.6223128337443, 471.2958492871415, 547.7628207441542, 542.2622431625928, 620.9619834392403, 575.8434960359607, 551.9884951009933, 590.9020234767179, 497.56215292816216, 507.29722215002334, 578.7378438919006, 533.8105702857209, 595.5838472790015, 613.7907928598947, 569.3187510872501, 569.1773225670273, 634.957579865116, 663.2089027757758, 487.4259998857766, 598.420547501019, 667.2890918770597, 577.1164020909061, 524.1373779933415, 759.2957887100112], "ptt": [3, 11, 11, 1, 14, 3, 8, 15, 4, 3, 6, 1, 9, 3, 37, 8, 11, 20, 28, 8]}