{"bf": [389, 360, 357, 349, 353, 328, 337, 325, 316, 263, 281, 328, 289, 298, 351, 319, 391, 351, 358, 353, 326, 363, 348, 269, 338, 290], "bs": [124, 132, 109, 109, 110, 103, 122, 129, 114, 105, 101, 101, 112, 118, 124, 90, 134, 134, 117, 108, 110, 130, 118, 117, 103, 75], "sd": [0, 0, 0, 0, 0, 0, 0, 0, 0, 0, 0, 0, 0, 0, 0, 0, 0, 0, 0, 0, 0, 0, 0, 0, 0, 0], "df": [0, 0, 0, 0, 0, 0, 0, 0, 0, 0, 0, 0, 0, 0, 0, 0, 0, 0, 0, 0, 0, 0, 0, 0, 0, 0], "sf": [265, 228, 248, 240, 243, 225, 215, 196, 202, 158, 180, 227, 177, 180, 227, 229, 257, 217, 241, 245, 216, 233, 230, 152, 235, 215], "rr": [397, 337, 357, 350, 346, 347, 344, 310, 307, 259, 281, 339, 5818, 304, 317, 8185, 391, 334, 349, 355, 346, 351, 347, 255, 310], "asd": [0, 0, 0, 0, 0, 0, 0, 0, 0, 0, 0, 0, 0, 0, 0, 0, 0, 0, 0, 0, 0, 0, 0, 0, 0, 0], "asf": [523.9039445876642, 545.36448981231, 626.7728715329399, 557.5300669298764, 621.0816029617317, 674.0170666073202, 617.8128853178852, 541.5935053338444, 613.2580838403676, 598.2902530024384, 521.2549386661337, 592.5529691322184, 563.6370521924224, 578.3591361222119, 619.9935979303315, 585.1950793337336, 643.2189708251364, 680.6405231030923, 804.4534798999263, 666.7877427286834, 719.6998091427217, 642.8258804549754, 682.0645231045551, 756.122813308478, 688.1554163900886, 662.0445252685402], "ptt": [4, 13, 17, 5, 17, 4, 21, 7, 3, 20, 7, 13, 13, 10, 9, 15]}