{"bf": [321, 369, 390, 381, 411, 363, 404, 424, 410, 410, 411, 403, 410, 409, 412, 393, 417, 389, 399, 394, 410, 383, 406, 405, 408, 415, 408, 395, 395, 404, 427, 397, 397, 394, 390, 407, 376, 372, 386, 371, 360, 372, 407, 386, 387, 400, 407, 419, 407, 415, 415, 347, 418, 403, 413, 408, 407, 400, 408, 385, 385, 378], "bs": [148, 109, 129, 114, 125, 132, 123, 133, 125, 134, 134, 122, 122, 133, 139, 130, 116, 119, 130, 127, 125, 120, 126, 129, 127, 125, 115, 119, 110, 118, 145, 111, 124, 115, 102, 135, 132, 128, 133, 114, 116, 113, 125, 118, 120, 130, 120, 133, 118, 127, 137, 135, 126, 121, 113, 133, 138, 125, 119, 108, 121, 137], "sd": [0, 0, 0, 0, 0, 0, 0, 0, 0, 0, 0, 0, 0, 0, 0, 0, 0, 0, 0, 0, 0, 0, 0, 0, 0, 0, 0, 0, 0, 153, 0, 0, 0, 0, 0, 0, 0, 0, 0, 0, 0, 0, 0, 0, 0, 0, 0, 0, 0, 0, 0, 0, 0, 0, 0, 0, 0, 0, 0, 0, 0, 0], "df": [0, 0, 0, 0, 0, 0, 0, 0, 0, 0, 0, 0, 0, 0, 0, 0, 0, 0, 0, 0, 0, 0, 0, 0, 0, 0, 0, 0, 0, 133, 0, 0, 0, 0, 0, 0, 0, 0, 0, 0, 0, 0, 0, 0, 0, 0, 0, 0, 0, 0, 0, 0, 0, 0, 0, 0, 0, 0, 0, 0, 0, 0], "sf": [173, 260, 261, 267, 286, 231, 281, 291, 285, 276, 277, 281, 288, 276, 273, 263, 301, 270, 269, 267, 285, 263, 280, 276, 281, 290, 293, 276, 285, 286, 282, 286, 273, 279, 288, 272, 244, 244, 253, 257, 244, 259, 282, 268, 267, 270, 287, 286, 289, 288, 278, 212, 292, 282, 300, 275, 269, 275, 289, 277, 264, 241], "rr": [0, 389, 375, -4030, 4825, 418, 354, 414, 416, 419, 410, 399, 403, 421, 415, 403, 379, 420, 400, 396, 392, 405, 389, 409, 403, 406, 405, 412, 386, 403, 431, 393, -15726, 16526, 381, -18096, 18880, 404, 372, 377, 367, 373, 357, 384, 400, 388, 397, 390, 420, 404, 416, 425, 413, 338, 413, 395, 433, 413, 394, 394, 397, 398, 401], "asd": [0, 0, 0, 0, 0, 0, 0, 0, 0, 0, 0, 0, 0, 0, 0, 0, 0, 0, 0, 0, 0, 0, 0, 0, 0, 0, 0, 0, 0, 135.19727985827376, 0, 0, 0, 0, 0, 0, 0, 0, 0, 0, 0, 0, 0, 0, 0, 0, 0, 0, 0, 0, 0, 0, 0, 0, 0, 0, 0, 0, 0, 0, 0, 0], "asf": [481.4340085629891, 601.2242921160455, 645.8656193420171, 618.9641780425512, 711.1004821238514, 731.4987714716332, 806.2146225375642, 739.0211771427358, 778.0108853170007, 863.1399093305121, 866.4799172483695, 794.2795421337187, 772.3145694227906, 741.9207427557787, 823.3728622019219, 841.485276560566, 780.5335905540887, 714.3686034062606, 803.754169174545, 774.0445490598518, 797.6984917762193, 818.125925264961, 819.783789372433, 815.4161799186022, 734.8244954220713, 747.8209125366996, 717.5546165926429, 606.7774574249779, 693.4129130918009, 627.4098940616739, 722.6865793856965, 702.5268892498142, 437.94158556326573, 492.1221891363908, 721.1617702028828, 661.4956001992036, 700.5462920815272, 727.584663345423, 722.5258787926771, 692.7513309388381, 719.3758923565423, 689.4925759802397, 752.114980547499, 777.2954050304706, 742.3150539306843, 744.0945936488441, 796.7643349361201, 847.4342914384771, 789.8603841864277, 848.8184174128573, 859.404920797237, 853.101074167078, 839.3282736210776, 741.8895856900957, 747.5560352720913, 777.2903111869264, 791.7643649098029, 819.95026855147, 754.8552033513466, 730.853224320126, 745.7986303322363, 624.8873119140044], "ptt": [-89, -89, -89, -89, -89, -89, -89, -89, -2, -89, -89, -20, -2, -89, -89, -1, -3, -12, -1, -17, -3, -19, -89, -89, -89, -89, -89, -89, -40, -2, -11, -4, -4, -5, -6, -1, -8, -7]}