{"bf": [348, 342, 351, 334, 356, 377, 359, 355, 376, 374, 345, 352, 386, 389, 370, 330, 315, 342, 388, 364, 316, 371, 381, 379, 385, 374, 365, 375, 344, 374, 404, 383, 390], "bs": [120, 129, 116, 111, 120, 138, 120, 130, 128, 122, 134, 115, 133, 134, 117, 106, 104, 132, 144, 128, 122, 117, 118, 133, 132, 119, 128, 138, 136, 140, 130, 123, 130], "sd": [0, 0, 0, 0, 0, 0, 0, 0, 0, 0, 0, 0, 0, 0, 0, 0, 0, 0, 0, 0, 0, 0, 0, 0, 0, 0, 0, 0, 0, 0, 0, 0, 0], "df": [0, 0, 0, 0, 0, 0, 0, 0, 0, 0, 0, 0, 0, 0, 0, 0, 0, 0, 0, 0, 0, 0, 0, 0, 0, 0, 0, 0, 0, 0, 0, 0, 0], "sf": [228, 213, 235, 223, 236, 239, 239, 225, 248, 252, 211, 237, 253, 255, 253, 224, 211, 210, 244, 236, 194, 254, 263, 246, 253, 255, 237, 237, 208, 234, 274, 260, 260], "rr": [357, 329, 346, 359, 369, 353, 370, 386, 326, 370, -6670, 7805, 372, 359, 328, 343, -11989, 14996, 358, 311, -15665, 0, 396, 378, 372, 383, 375, 373, 364, 397, 390], "asd": [0, 0, 0, 0, 0, 0, 0, 0, 0, 0, 0, 0, 0, 0, 0, 0, 0, 0, 0, 0, 0, 0, 0, 0, 0, 0, 0, 0, 0, 0, 0, 0, 0], "asf": [560.3886380482279, 523.9644951860923, 472.72380252430617, 525.0391857793521, 590.1367705457587, 632.7665681492708, 654.2927895825019, 608.6598747691567, 575.1721225130248, 658.0157732937744, 661.0822185385578, 669.2797579682167, 579.9051971221031, 676.2216685968888, 622.0185381441888, 626.1797353477575, 621.4008256912349, 405.57648526523445, 768.1712671065327, 503.68945823454237, 525.4053507284323, 712.5418690927012, 657.1459682646438, 638.6557742770235, 612.8779729400317, 655.4691500147248, 599.4829925458415, 589.7912469729949, 662.4082671392425, 706.3205359855433, 700.3089728902592, 726.5668880289895, 676.5771169566186], "ptt": [-14, -27, -4, -7, -1, -5, -20, -17, -13, -19, -33, -14, -7, -12, -13, -12, -14, -7]}