{"bf": [390, 413, 431, 425, 429, 330, 455, 421, 423, 408, 419, 433, 428, 435, 418, 453, 397, 457, 426, 385, 423, 431, 422, 424, 426, 417, 413, 432, 429, 428, 434, 409, 426, 418, 405, 379, 399, 418, 381, 395, 428, 385, 377, 407, 381, 415, 418, 396, 393, 405, 390, 377, 391, 411, 423, 438, 429, 444, 400, 452, 412, 394], "bs": [123, 146, 144, 117, 119, 116, 163, 128, 144, 121, 120, 129, 119, 141, 133, 152, 136, 160, 111, 139, 119, 137, 128, 126, 121, 131, 122, 107, 130, 124, 121, 120, 127, 129, 120, 131, 115, 122, 121, 129, 148, 112, 122, 122, 103, 131, 132, 119, 121, 129, 119, 120, 118, 121, 131, 133, 115, 126, 120, 136, 121, 99], "sd": [0, 0, 0, 0, 0, 0, 0, 0, 0, 0, 0, 0, 0, 0, 0, 0, 0, 0, 0, 0, 0, 0, 0, 0, 0, 0, 0, 72, 0, 0, 0, 0, 0, 0, 0, 0, 0, 66, 0, 0, 0, 0, 0, 0, 0, 0, 0, 0, 0, 0, 0, 0, 0, 0, 0, 0, 0, 0, 0, 0, 183, 0], "df": [0, 0, 0, 0, 0, 0, 0, 0, 0, 0, 0, 0, 0, 0, 0, 0, 0, 0, 0, 0, 0, 0, 0, 0, 0, 0, 0, 253, 0, 0, 0, 0, 0, 0, 0, 0, 0, 230, 0, 0, 0, 0, 0, 0, 0, 0, 0, 0, 0, 0, 0, 0, 0, 0, 0, 0, 0, 0, 0, 0, 108, 0], "sf": [267, 267, 287, 308, 310, 214, 292, 293, 279, 287, 299, 304, 309, 294, 285, 301, 261, 297, 315, 246, 304, 294, 294, 298, 305, 286, 291, 325, 299, 304, 313, 289, 299, 289, 285, 248, 284, 296, 260, 266, 280, 273, 255, 285, 278, 284, 286, 277, 272, 276, 271, 257, 273, 290, 292, 305, 314, 318, 280, 316, 291, 295], "rr": [456, 411, 404, -2464, 3307, 426, 377, 420, 437, 400, 407, 428, 423, 450, 427, 437, 437, 421, 408, 454, 365, 441, 422, 420, 419, 436, 408, 398, 455, 423, 425, 433, 416, 428, 409, 416, 363, 406, 417, 389, 414, 392, 395, 388, -20706, 21521, -21521, 22342, 398, 401, 395, 391, 375, 394, 421, 425, 420, -27142, 438, 416, 437, 390], "asd": [0, 0, 0, 0, 0, 0, 0, 0, 0, 0, 0, 0, 0, 0, 0, 0, 0, 0, 0, 0, 0, 0, 0, 0, 0, 0, 0, 94.62249268470362, 0, 0, 0, 0, 0, 0, 0, 0, 0, 146.3501921230412, 0, 0, 0, 0, 0, 0, 0, 0, 0, 0, 0, 0, 0, 0, 0, 0, 0, 0, 0, 0, 0, 0, 404.35895816872085, 0], "asf": [527.6385086602845, 638.4601961284015, 661.5888002386052, 623.2267209082202, 582.6585205842183, 445.6066911828459, 642.4674733774594, 635.6617127359129, 726.2271687033455, 784.540340162108, 724.4157753317129, 590.1368615799071, 717.9333387451811, 674.6214076635092, 720.7840739366713, 771.2550163724495, 689.9139951963905, 736.4216203578351, 751.8535742252997, 755.5732611282976, 700.1084851595863, 649.3344046963937, 806.9746501804997, 738.9053418508579, 535.1506868852697, 774.0188578880119, 678.2492886187324, 703.0132176539934, 666.0799461658494, 726.7930654036927, 820.8743543456518, 488.80905621268005, 677.377094832828, 697.4236929226364, 646.2356565280376, 593.0100173516427, 649.8238630740391, 733.888643226454, 589.1268410194881, 596.2871956400786, 683.8111931676258, 694.9666486186451, 555.7590334893617, 775.2156125003971, 662.2053787689329, 687.0542459087796, 673.0739562093762, 719.0788476245897, 659.7246831540932, 704.4763798877035, 744.9810489761335, 746.2649422653687, 718.5585533244557, 760.9804996706308, 725.1902003298391, 812.4792743004336, 777.1832573153198, 737.4984104542087, 765.2334943448601, 857.1675256314408, 591.2974326287747, 725.6368323481834], "ptt": [-15, -6, -1, -9, -6, -4, -20, -4, -10, -6, -12, -16, -14, -7, -6, -10, -5, -9, -5, -1, -3, -14, -4, -20, -18, -1, -8, -6, -6, -12, -1, -5]}