{"bf": [390, 401, 364, 359, 384, 404, 405, 419, 410, 407, 420, 431, 416, 421, 428, 419, 410, 430, 437, 396, 384, 398, 408, 402, 411, 409, 404, 402, 394, 396, 416, 409, 412, 403, 384, 392, 431, 435, 442], "bs": [117, 108, 103, 117, 132, 133, 141, 133, 127, 124, 130, 127, 122, 116, 134, 127, 115, 144, 115, 101, 110, 110, 111, 131, 110, 135, 133, 122, 107, 120, 118, 97, 120, 108, 118, 108, 132, 106, 135], "sd": [0, 0, 86, 0, 0, 0, 0, 0, 0, 0, 0, 0, 0, 0, 0, 0, 0, 0, 0, 0, 0, 0, 0, 0, 0, 0, 0, 0, 0, 0, 0, 0, 0, 0, 0, 0, 0, 0, 0], "df": [0, 0, 175, 0, 0, 0, 0, 0, 0, 0, 0, 0, 0, 0, 0, 0, 0, 0, 0, 0, 0, 0, 0, 0, 0, 0, 0, 0, 0, 0, 0, 0, 0, 0, 0, 0, 0, 0, 0], "sf": [273, 293, 261, 242, 252, 271, 264, 286, 283, 283, 290, 304, 294, 305, 294, 292, 295, 286, 322, 295, 274, 288, 297, 271, 301, 274, 271, 280, 287, 276, 298, 312, 292, 295, 266, 284, 299, 329, 307], "rr": [4197, 381, 396, 378, 374, 385, 412, 397, 413, 407, 413, 417, 426, 410, 439, 421, 407, 439, -13176, 0, 405, 399, 428, 381, 436, 407, 393, 387, 407, 395, 432, 400, 413, 374, 416, -25244, 26925, 464, -27389], "asd": [0, 0, 178.08599095617978, 0, 0, 0, 0, 0, 0, 0, 0, 0, 0, 0, 0, 0, 0, 0, 0, 0, 0, 0, 0, 0, 0, 0, 0, 0, 0, 0, 0, 0, 0, 0, 0, 0, 0, 0, 0], "asf": [579.5869601924489, 647.1319979568516, 662.2371800137512, 642.39601056966, 580.0960886289652, 640.1403223497771, 672.4741384410299, 735.6413370820989, 727.1253518369635, 710.3433439244393, 750.5859972082319, 764.914913668233, 732.1240874304115, 684.9113625599061, 735.5183506255579, 714.7501256642091, 790.0643855581578, 725.7534517365128, 778.6615469665054, 607.0138192237843, 509.9161637264658, 658.2555060037604, 672.406794943843, 550.4799156230148, 742.3120238653551, 701.1788080515373, 698.7614660137082, 626.9979327895858, 657.6572115655304, 658.0195584378645, 672.5841339476165, 626.2606903880363, 662.561938454998, 683.7461304031253, 529.8871612082949, 632.722072414198, 681.5271643587944, 677.0728236133535, 727.5088767428265], "ptt": [-89, -89, -89, -89, -89, -89, -30, -9, -6, -24, -5, -6, -6, -10, -89, -89, -3, -89, -89, -89, -89, -89, -89, -3, -16, -89, -89, -24, -3, -7, -16, -89, -89, -9, -17, -3, -15, -1, -89, -89, -17, -89, -89]}