{"bf": [442, 427, 417, 384, 422, 437, 427, 445, 428, 424, 435, 434, 427, 433, 394, 434, 416, 427, 416, 403, 405, 410, 410, 406, 430, 418, 419, 423, 427, 407, 436, 444, 443, 445, 432, 423, 409, 418, 422, 431, 426, 435, 432, 413, 425, 447, 423, 438, 435, 441, 433, 442, 437, 437, 435, 433, 430, 439, 381, 399, 410, 408, 411, 406], "bs": [120, 129, 122, 100, 105, 142, 119, 126, 111, 135, 121, 125, 114, 126, 98, 110, 135, 136, 126, 101, 120, 126, 126, 133, 135, 115, 127, 114, 119, 118, 129, 120, 116, 117, 126, 114, 106, 115, 134, 130, 118, 119, 127, 126, 102, 146, 134, 124, 141, 130, 123, 134, 131, 125, 115, 126, 124, 131, 119, 95, 126, 126, 119, 120], "sd": [0, 0, 0, 200, 227, 0, 0, 0, 0, 0, 0, 0, 94, 0, 122, 0, 0, 0, 0, 0, 0, 0, 92, 0, 0, 0, 0, 0, 0, 0, 0, 0, 0, 0, 0, 0, 0, 0, 0, 0, 0, 0, 0, 0, 0, 0, 0, 0, 0, 0, 0, 0, 0, 0, 0, 0, 0, 0, 0, 0, 0, 0, 0, 0], "df": [0, 0, 0, 84, 90, 0, 0, 0, 0, 0, 0, 0, 219, 0, 174, 0, 0, 0, 0, 0, 0, 0, 192, 0, 0, 0, 0, 0, 0, 0, 0, 0, 0, 0, 0, 0, 0, 0, 0, 0, 0, 0, 0, 0, 0, 0, 0, 0, 0, 0, 0, 0, 0, 0, 0, 0, 0, 0, 0, 0, 0, 0, 0, 0], "sf": [322, 298, 295, 284, 317, 295, 308, 319, 317, 289, 314, 309, 313, 307, 296, 324, 281, 291, 290, 302, 285, 284, 284, 273, 295, 303, 292, 309, 308, 289, 307, 324, 327, 328, 306, 309, 303, 303, 288, 301, 308, 316, 305, 287, 323, 301, 289, 314, 294, 311, 310, 308, 306, 312, 320, 307, 306, 308, 262, 304, 284, 282, 292, 286], "rr": [451, 420, 395, 389, 459, 414, 434, 430, 452, 410, 439, 423, 439, -6089, 0, 7743, 406, 459, 417, 417, 391, 422, 411, 410, 417, 408, 410, 430, 406, 428, 426, 418, 427, 440, 444, 454, 420, 415, 418, 437, 418, 419, 427, 443, 431, 389, 469, 435, 413, 455, 424, 434, 444, 439, 431, 427, 446, 431, 437, 427, 357, 430, 410, 401, 412], "asd": [0, 0, 0, 494.8799502827766, 493.5324457995894, 0, 0, 0, 0, 0, 0, 0, 178.93008481209154, 0, 214.87576756213684, 0, 0, 0, 0, 0, 0, 0, 214.89245575432608, 0, 0, 0, 0, 0, 0, 0, 0, 0, 0, 0, 0, 0, 0, 0, 0, 0, 0, 0, 0, 0, 0, 0, 0, 0, 0, 0, 0, 0, 0, 0, 0, 0, 0, 0, 0, 0, 0, 0, 0, 0], "asf": [738.9570232894407, 701.99604297764, 735.7852293980864, 629.085011195904, 642.2640050002653, 716.1041646349624, 787.6715374799188, 698.0595028781995, 744.3534718249407, 529.9462845888468, 695.4840006383847, 767.8826102352814, 672.2096640814959, 623.6057435853352, 581.6113736119833, 689.5932123484234, 682.7496244151396, 701.5583739993149, 598.4590054737546, 628.2659171757891, 664.6985621972839, 694.3783307051066, 643.6920536235777, 742.6934382086857, 718.9057730532764, 740.2654356944585, 715.2836832864475, 694.463075793334, 702.3923548646147, 717.7365673576361, 759.0884522844967, 822.667907245835, 690.6423025417184, 690.0781074578833, 764.2264473017291, 741.0397106419255, 671.2451380347757, 720.4389055928141, 753.6227376122699, 783.7055892734243, 749.6632331462987, 702.7683970465298, 723.9731963289801, 631.2222136823073, 683.6359799785658, 753.6636266793649, 712.5419068521, 698.2080401340025, 727.6298281504716, 718.3345901711808, 698.035235941876, 715.1754789432975, 697.0712978822455, 700.3239018824645, 670.6903771308118, 753.6964540989716, 727.1308238206049, 697.1418443517545, 630.7023339863916, 617.6801052361035, 667.2742820927967, 686.5182119369666, 737.5482647547949, 670.733194755398], "ptt": [-1, -13, -9, -10, -10, -10, -10, -18, -14, -12, -4, -13, -1, -5, -3, -2, -17, -8, -11, -9, -17, -6, -11, -19, -6, -19, -3, -36, -11, -2, -5, -6, -7, -10, -7]}