{"bf": [354, 362, 408, 417, 390, 347, 375, 364, 400, 489, 438, 404, 397, 329, 349, 409, 396, 365, 404, 386, 384, 346, 393, 355, 334, 361, 343, 358, 361, 368, 372, 367, 340, 345, 316, 313, 361, 306, 314], "bs": [95, 100, 85, 93, 99, 78, 105, 94, 100, 145, 81, 89, 107, 90, 91, 109, 81, 89, 100, 97, 95, 92, 107, 80, 86, 101, 90, 102, 106, 95, 96, 89, 92, 72, 110, 108, 93, 80, 91], "sd": [0, 76, 71, 86, 94, 101, 0, 94, 0, 0, 124, 213, 67, 74, 72, 191, 114, 102, 0, 0, 91, 0, 0, 0, 0, 0, 0, 0, 91, 0, 119, 0, 87, 0, 0, 93, 0, 0, 0], "df": [0, 186, 252, 238, 197, 168, 0, 176, 0, 0, 233, 102, 223, 165, 186, 109, 201, 174, 0, 0, 198, 0, 0, 0, 0, 0, 0, 0, 164, 0, 157, 0, 161, 0, 0, 112, 0, 0, 0], "sf": [259, 262, 323, 324, 291, 269, 270, 270, 300, 344, 357, 315, 290, 239, 258, 300, 315, 276, 304, 289, 289, 254, 286, 275, 248, 260, 253, 256, 255, 273, 276, 278, 248, 273, 206, 205, 268, 226, 223], "rr": [-851, 347, 416, 423, -3079, 0, 0, 0, 7368, 374, 364, 370, -8476, 9275, 425, 446, 422, 380, 330, 367, 381, 404, 376, -14335, 15095, 0, 0, 0, 0, 18009, 361, 366, 21249, 350, 355, 362, 350, 369, 365, 370, 320, 383, 314, 298, -25085, 0, 26362, 317], "asd": [0, 184.13183304952065, 111.93687924807864, 143.083129100345, 164.0306506759074, 200.410166713139, 0, 193.28011649380358, 0, 0, 225.17443461884272, 406.41032589664064, 184.98898426175276, 139.82714984878703, 133.4422295553269, 394.06856328475686, 176.35478505334754, 240.80186422247073, 0, 0, 174.7580352126082, 0, 0, 0, 0, 0, 0, 0, 216.52756073699027, 0, 238.80783512655762, 0, 184.8531978384093, 0, 0, 277.5302114778914, 0, 0, 0], "asf": [526.2217750534655, 437.1625986290247, 589.4867706051256, 518.1309923860576, 465.3286929649185, 439.068918455058, 545.039113975187, 494.2109919467729, 514.2907162646069, 633.0506013901162, 617.942118701004, 576.9862774113979, 502.9715046833619, 519.1808098365078, 495.1971734481327, 569.632851373358, 547.6919628881813, 623.954973286505, 589.1093217552028, 543.7576220719187, 578.6921612670662, 521.9648004805476, 547.9208796638842, 569.7679309879119, 594.0645675147796, 525.4077449411549, 492.80040627814253, 645.1511331276007, 611.7748207184986, 600.5958760196818, 510.26572514419075, 646.4142380275348, 524.7596950688555, 510.3631385878561, 519.3885751972327, 575.5462673840275, 587.4492070479469, 515.8442187244381, 763.6893776732085], "ptt": [29, 14, 3, 8, 8, 11, 16, 7, 9, 11, 13, 13, 5, 7, 5, 10, 4, 18, 10, 8, 5, 7, 3, 12, 15]}