{"bf": [602, 744, 728, 355, 380, 370, 375, 417, 385, 357, 355, 320, 339, 352, 351, 335, 357, 351, 341, 339, 369, 381, 352, 382, 390, 380, 366, 356, 369, 371, 385, 350, 341, 383], "bs": [85, 455, 91, 83, 93, 92, 99, 108, 101, 99, 106, 94, 100, 88, 111, 99, 86, 112, 108, 112, 104, 104, 113, 104, 98, 97, 89, 98, 121, 120, 94, 94, 109, 105], "sd": [0, 0, 370, 0, 109, 0, 0, 166, 0, 0, 136, 0, 105, 0, 0, 0, 0, 0, 0, 0, 0, 199, 89, 0, 0, 0, 0, 86, 0, 181, 180, 96, 113, 0], "df": [0, 0, 267, 0, 178, 0, 0, 143, 0, 0, 113, 0, 134, 0, 0, 0, 0, 0, 0, 0, 0, 78, 150, 0, 0, 0, 0, 172, 0, 70, 111, 160, 119, 0], "sf": [517, 289, 637, 272, 287, 278, 276, 309, 284, 258, 249, 226, 239, 264, 240, 236, 271, 239, 233, 227, 265, 277, 239, 278, 292, 283, 277, 258, 248, 251, 291, 256, 232, 278], "rr": [0, 0, 0, 0, 0, 0, 0, 0, 0, 0, 380, -7772, 8492, 379, -8871, 9604, 0, 0, 12882, 15229, -15229, 15928, 343, 326, 327, 375, 339, 322, 383, 347, 345, 331, 369, 390, 343, 376, 389, 372, 375, 379, 368, 345, 0, 0, 0, 365, 337], "asd": [0, 0, 65.34948305413218, 0, 200.23205385999188, 0, 0, 297.63824033082767, 0, 0, 268.4139323016436, 0, 209.35803398248447, 0, 0, 0, 0, 0, 0, 0, 0, 464.18712343595257, 220.50432386785928, 0, 0, 0, 0, 177.16591988598555, 0, 447.6968411977379, 337.79551408693834, 206.44406794851523, 189.85705255934818, 0], "asf": [502.2711411321307, 491.2489968372637, 458.89392241159373, 539.2564605658591, 533.1136211869455, 547.8927083591205, 545.5250531816457, 440.8434580890983, 516.156113872084, 504.5602455774117, 415.6514866864804, 476.42159367435204, 458.4803055898407, 471.04580453206097, 494.9023611619378, 532.5544680085709, 637.293484185463, 521.6616959201137, 481.8919792579579, 560.2946471490989, 569.931593044855, 576.3148882170767, 507.1838066681789, 544.3859005089735, 637.4068336819684, 580.5572371886286, 582.5674900010756, 505.54612832765747, 591.0509697522618, 597.6228043637585, 474.17123956283723, 508.5713365066751, 460.70659642841355, 474.19390907381757], "ptt": [-29, -4, -6, -23, -4, -25, -26, -3, -14, -1, -16, -17, -1, -15, -6, -10, -12, -21, -6]}