{"bf": [302, 299, 295, 300, 284, 295, 274, 275, 288, 285, 278, 278, 280, 294, 296, 288, 291, 296, 300, 292, 281, 296, 291, 292, 299, 299, 285, 279, 296, 295, 277, 279, 285, 282, 261, 275, 276, 282, 282, 283, 290, 285, 291, 290, 303], "bs": [60, 58, 59, 59, 53, 62, 58, 58, 59, 59, 57, 69, 60, 61, 56, 59, 57, 60, 58, 58, 61, 59, 46, 58, 60, 57, 48, 58, 71, 55, 56, 55, 57, 65, 56, 57, 47, 55, 55, 64, 73, 56, 66, 59, 58], "sd": [75, 75, 83, 83, 62, 76, 82, 86, 81, 76, 76, 70, 67, 76, 81, 79, 79, 75, 84, 81, 80, 83, 82, 74, 82, 81, 85, 77, 68, 78, 76, 72, 87, 67, 79, 82, 80, 77, 81, 76, 53, 65, 70, 79, 83], "df": [167, 166, 153, 158, 169, 157, 134, 131, 148, 150, 145, 139, 153, 157, 159, 150, 155, 161, 158, 153, 140, 154, 163, 160, 157, 161, 152, 144, 157, 162, 145, 152, 141, 150, 126, 136, 149, 150, 146, 143, 164, 164, 155, 152, 162], "sf": [242, 241, 236, 241, 231, 233, 216, 217, 229, 226, 221, 209, 220, 233, 240, 229, 234, 236, 242, 234, 220, 237, 245, 234, 239, 242, 237, 221, 225, 240, 221, 224, 228, 217, 205, 218, 229, 227, 227, 219, 217, 229, 225, 231, 245], "rr": [295, 294, 293, 291, 274, 276, 288, 290, 269, 281, 289, 286, 294, 294, 300, 295, 279, 283, 303, 294, 296, 290, 295, 292, 280, 296, 281, 293, 273, 262, 265, 284, 282, 291, 292, 273, 295, 284, 289], "asd": [164.16499384267547, 149.47756786197988, 159.61488088604938, 164.28274024764414, 165.22844685015377, 200.76358509108513, 181.0803857313981, 223.44512310849348, 159.73154073128353, 95.11368871447564, 167.39530447702532, 139.24680184979889, 128.01663147178556, 137.27363516380763, 132.63594822425966, 140.29116768897063, 139.3093095552823, 145.8129383404463, 111.22160711433276, 129.54106814831005, 174.58248290979702, 158.8908481018408, 128.0897141855295, 142.8036144458415, 133.58688151319143, 141.0590414429471, 155.867043016494, 145.4350715904684, 99.82569779035816, 100.2375819648181, 142.6291925434158, 202.22650681717073, 170.15415316889073, 172.7504354194341, 125.80293619004169, 204.64765963447417, 184.6754473128832, 114.68579592144795, 197.47814001936808, 166.00347442388772, 149.54345288296997, 183.5617099999149, 142.4634348329688, 137.5828136326836, 163.7519278150961], "asf": [828.4350015483677, 807.0096706007968, 774.363855155327, 826.8631375791316, 775.8739039784342, 825.4102498626912, 708.7336826636538, 763.7106684454342, 728.1110903403596, 615.431016507792, 650.5603188944151, 624.3625820942975, 653.3064253944932, 615.1928853034979, 661.3596132432641, 674.386301146395, 728.6311214382, 726.6616372301886, 655.7706269481382, 737.6166809398933, 616.0312507540557, 731.0520535816479, 734.1262464611872, 782.1481831812426, 766.5815678552482, 704.5226623176513, 744.9840106773036, 686.8413496107308, 737.1387542927665, 721.2553813317674, 611.2726987025922, 813.0913366897983, 584.6101506109867, 779.5738106761395, 557.9649409160618, 776.7741202565832, 761.6535127852314, 631.3724477096798, 793.2385191093547, 681.28487307525, 715.8440320727411, 798.1438403875188, 708.1623981909306, 691.1339356154931, 792.5168650410812], "ptt": [10, 12, 16, 14, 10, 14, 9, 10, 18, 16, 14, 14, 11, 11, 15, 13, 10, 9, 5, 22, 10, 8, 13, 13, 5, 5, 15, 20, 6, 9, 9, 6, 17, 7, 6, 4, 6, 10, 14, 24, 9, 17, 13, 11]}