{"bf": [561, 530, 534, 487, 613, 562, 519, 538, 521, 517, 533, 557, 517, 565, 554, 516, 513, 374, 518, 472, 519, 505, 540, 563, 376, 508, 530, 517, 555, 553, 561, 518, 539, 531, 513, 472, 613, 410, 593, 554, 529], "bs": [107, 90, 124, 107, 151, 106, 99, 109, 92, 125, 94, 97, 98, 95, 95, 98, 104, 97, 103, 101, 109, 100, 94, 100, 100, 101, 107, 118, 94, 117, 114, 89, 102, 91, 94, 92, 164, 99, 161, 102, 106], "sd": [127, 148, 139, 144, 144, 120, 144, 129, 158, 134, 155, 126, 125, 146, 0, 127, 121, 127, 130, 104, 127, 0, 130, 148, 139, 129, 137, 98, 147, 89, 0, 146, 135, 161, 137, 111, 135, 126, 109, 330, 0], "df": [327, 292, 271, 236, 318, 336, 276, 300, 271, 258, 284, 334, 294, 324, 0, 291, 288, 150, 285, 267, 283, 0, 316, 315, 137, 278, 286, 301, 314, 347, 0, 283, 302, 279, 282, 269, 314, 185, 323, 122, 0], "sf": [454, 440, 410, 380, 462, 456, 420, 429, 429, 392, 439, 460, 419, 470, 459, 418, 409, 277, 415, 371, 410, 405, 446, 463, 276, 407, 423, 399, 461, 436, 447, 429, 437, 440, 419, 380, 449, 311, 432, 452, 423], "rr": [0, 544, 564, -1558, 0, 0, 4878, 531, 568, 555, 529, 521, 554, 486, 536, 558, 514, 565, 557, 522, 506, 516, 480, -13902, 0, 15524, -15524, 0, 546, -17691, 18841, 514, 20991, -20991, 0, 578, 550, 536, 531, 528, 534, 511, 544, 548, 472, 534, 558], "asd": [238.9154505097398, 256.32108354408695, 222.04230825832065, 188.03095540662036, 290.7168889482848, 285.86291324175136, 277.5163112390969, 298.6767424075092, 284.49272867211175, 297.5166230421635, 283.9811929874961, 311.4001674435643, 327.230192408108, 279.3737870686118, 0, 275.18200256039836, 337.53841365471044, 309.1097417776607, 282.43693388593476, 200.44655355348868, 118.09080676250255, 0, 282.62574430327925, 270.28176095661695, 289.8742095671479, 275.3729158318098, 201.8144200640769, 158.8744080210913, 270.11775997176346, 198.81030833459454, 0, 329.0358281647715, 368.3468984518023, 343.4836234226034, 307.31382641636867, 328.869460568651, 327.4810030866505, 341.4065808126585, 288.75667551617187, 721.4293795347875, 0], "asf": [771.7099530676816, 755.4291234028809, 701.1359373587259, 714.7764378414614, 819.9330406490062, 785.7511309661983, 745.4785705744002, 794.1490341254547, 781.2125352974385, 771.7085863700104, 759.6006030579076, 795.062215947753, 757.3947786834574, 743.9210679975265, 797.5872451464024, 705.4005441852373, 734.1316293105859, 629.5375708026854, 793.7770575276138, 733.3981930384682, 737.8851305535503, 723.5357596997443, 808.4234142776141, 822.0003888301216, 648.4791765701355, 750.0764886187134, 745.6917424251311, 700.3124836944096, 806.6569712608015, 742.9213063615193, 790.2241482288099, 779.8919522961993, 789.672092796438, 789.4229899003091, 738.6617710267012, 795.2502262139133, 843.7043209312752, 757.2979669757949, 787.6215471048592, 822.9737048551823, 729.7750794287476], "ptt": [-40, -49, -49, -38, -39, -32, -44, -42, -37, -17, -49, -30, -38, -38, -49, -9, -19, -14, -10, -49, -33, -32, -26, -29, -49, -13, -28, -34, -5, -35, -49, -17, -49, -41, -20, -40, -12, -16, -34, -41]}