{"bf": [317, 355, 397, 412, 393, 329, 418, 427, 333, 312, 394, 673, 476, 421, 467, 443, 393, 415, 460, 389, 448, 416], "bs": [96, 98, 117, 116, 85, 82, 110, 106, 86, 66, 135, 97, 124, 83, 136, 105, 113, 154, 125, 110, 124, 97], "sd": [0, 69, 0, 149, 127, 0, 0, 103, 73, 77, 100, 343, 195, 113, 71, 81, 175, 107, 0, 0, 0, 0], "df": [0, 188, 0, 147, 181, 0, 0, 218, 174, 169, 159, 233, 157, 225, 260, 257, 105, 154, 0, 0, 0, 0], "sf": [221, 257, 280, 296, 308, 247, 308, 321, 247, 246, 259, 576, 352, 338, 331, 338, 280, 261, 335, 279, 324, 319], "rr": [-338, 0, 0, 0, 374, -5309, 6051, 381, 0, 0, 0, 0, 0, 0, -12296, 13008, 414, 407, 313, 381, 0, 0, 0, 0, 0, 0, 20168, -20168, 0, 0, 0, 435, 474, 436, 451, 434, 386, 445, 403, 421], "asd": [0, 131.04956967151543, 0, 203.54103839235893, 220.4930675101781, 0, 0, 239.73492777839988, 110.20845081025402, 146.08225075729194, 156.0539898832982, 154.0602651800981, 362.3233676108614, 181.3717529813673, 99.42358238456097, 131.38460507608443, 296.933563938013, 183.19665317845693, 0, 0, 0, 0], "asf": [516.2494140408671, 487.7911930974099, 546.2835633877687, 493.2151794642547, 632.0190843366977, 605.4982613857542, 574.3647605270345, 524.0256934823315, 458.0333953549929, 453.6049760475936, 392.77783905370353, 516.596874459601, 560.0191118161129, 590.3062604982374, 414.37330131281544, 490.10892827604897, 488.2975735555753, 564.4232075622778, 542.8592585644498, 519.1303700142225, 636.0598885507497, 482.46733788874826], "ptt": [-32, -6, -22, -21, -8, -25, -26, -23, -37, -9, -12, -43]}