{"bf": [475, 581, 366, 543, 538, 555, 378, 522, 527, 511, 504, 535, 530, 541, 521, 512, 521, 528, 446, 464, 611, 358, 375, 523, 542, 546, 553, 561, 559, 522, 539, 569, 546, 502], "bs": [107, 113, 126, 105, 92, 112, 94, 94, 102, 105, 96, 97, 91, 96, 90, 100, 104, 115, 125, 99, 174, 99, 127, 116, 104, 99, 110, 99, 110, 106, 98, 105, 86, 97], "sd": [0, 0, 0, 0, 135, 119, 111, 120, 124, 107, 89, 111, 130, 142, 139, 143, 94, 126, 130, 134, 148, 0, 0, 110, 119, 140, 127, 0, 0, 120, 106, 120, 0, 114], "df": [0, 0, 0, 0, 311, 324, 173, 308, 301, 299, 319, 327, 309, 303, 292, 269, 323, 287, 191, 231, 289, 0, 0, 297, 319, 307, 316, 0, 0, 296, 335, 344, 0, 291], "sf": [368, 468, 240, 438, 446, 443, 284, 428, 425, 406, 408, 438, 439, 445, 431, 412, 417, 413, 321, 365, 437, 259, 248, 407, 438, 447, 443, 462, 449, 416, 441, 464, 460, 405], "rr": [481, 594, 530, 558, 537, 530, 530, 502, 505, -6080, 7168, 535, 535, 531, 516, 532, 538, 539, 536, 511, 537, 542, 572, 555, 514, 546, 550, 557], "asd": [0, 0, 0, 0, 251.44192766788626, 280.69829249311874, 307.5083972873514, 263.41236188640823, 274.3525903044588, 265.1856982126037, 262.264256909604, 226.51394242050708, 272.70816777389064, 300.9930721146243, 280.454770541003, 306.76447584102857, 285.8606385380675, 310.9470033219492, 328.6514311094983, 304.5742142036729, 346.9399336861893, 0, 0, 248.76931598374335, 264.32937562035954, 199.4032637722902, 244.61323992346593, 0, 0, 304.42350117477497, 335.73990075301344, 251.48223593446357, 0, 258.4639296249319], "asf": [857.3335209813142, 862.2031590193433, 599.6521867274851, 760.8260787278459, 788.81558115803, 778.130567563999, 641.7356829162577, 781.4498167905341, 792.7120548285144, 812.1523506578664, 771.5263306375682, 808.6089344235845, 785.9347774687468, 886.4051886659392, 783.4644587036719, 742.4458018869866, 865.2021231891382, 870.2393933463536, 690.1794613018467, 755.5455521234069, 809.8617166414181, 639.3891749792026, 638.9027531770023, 832.0272873955995, 841.143982190198, 811.4582647445178, 782.609720248667, 828.9156136114132, 879.4274717189835, 754.5916078666014, 807.5141312465436, 784.422271407888, 808.6451358761484, 864.2493151000557], "ptt": [-13, -10, -6, -11, -32, -31, -23, -38, -8, -16, -20, -18, -35, -38, -29, -32, -29, -33, -16, -39, -11, -9, -15, -18, -35, -12, -38, -20, -28, -29, -37]}