{"bf": [390, 384, 393, 417, 415, 412, 421, 428, 439, 443, 359, 419, 448, 427, 420, 416, 414, 404, 423, 418, 414, 408, 415, 419, 356, 421, 425, 422, 410, 414, 403, 402, 407, 406, 418, 424, 367, 412, 440, 426, 444, 415, 427, 433, 415, 436, 434, 427, 418, 429, 374, 430, 431, 429, 436, 450, 428, 443, 437, 455, 441, 444, 414, 402, 416, 436, 447, 428], "bs": [128, 125, 128, 139, 126, 115, 118, 127, 132, 128, 124, 133, 146, 122, 108, 130, 130, 129, 131, 129, 131, 124, 140, 130, 120, 121, 136, 128, 122, 126, 131, 127, 126, 108, 125, 127, 120, 112, 140, 124, 125, 127, 134, 131, 126, 134, 125, 129, 130, 136, 135, 118, 129, 120, 134, 137, 126, 128, 141, 137, 122, 136, 127, 154, 122, 134, 139, 120], "sd": [0, 0, 0, 0, 0, 0, 0, 0, 0, 0, 0, 0, 0, 0, 0, 0, 0, 0, 0, 0, 0, 0, 0, 0, 0, 0, 0, 0, 0, 0, 0, 0, 0, 0, 0, 0, 0, 0, 0, 0, 0, 0, 0, 0, 0, 0, 0, 0, 0, 0, 0, 0, 0, 0, 0, 0, 0, 0, 0, 0, 0, 0, 0, 0, 0, 0, 0, 0], "df": [0, 0, 0, 0, 0, 0, 0, 0, 0, 0, 0, 0, 0, 0, 0, 0, 0, 0, 0, 0, 0, 0, 0, 0, 0, 0, 0, 0, 0, 0, 0, 0, 0, 0, 0, 0, 0, 0, 0, 0, 0, 0, 0, 0, 0, 0, 0, 0, 0, 0, 0, 0, 0, 0, 0, 0, 0, 0, 0, 0, 0, 0, 0, 0, 0, 0, 0, 0], "sf": [262, 259, 265, 278, 289, 297, 303, 301, 307, 315, 235, 286, 302, 305, 312, 286, 284, 275, 292, 289, 283, 284, 275, 289, 236, 300, 289, 294, 288, 288, 272, 275, 281, 298, 293, 297, 247, 300, 300, 302, 319, 288, 293, 302, 289, 302, 309, 298, 288, 293, 239, 312, 302, 309, 302, 313, 302, 315, 296, 318, 319, 308, 287, 248, 294, 302, 308, 308], "rr": [387, 387, 404, 404, 404, 415, 430, 433, 435, 439, 368, 432, 424, 413, 442, 416, 413, 406, 421, 420, 407, 424, 405, 409, 357, 436, 416, 414, 419, 399, 401, 389, 423, 420, 417, 359, 440, 424, 427, 446, 422, 424, 428, 423, 427, 438, 428, 424, 428, 357, 441, 422, 443, 439, 439, 430, 456, 433, 440, 455, 435, 441, 370, 428, 441, 428], "asd": [0, 0, 0, 0, 0, 0, 0, 0, 0, 0, 0, 0, 0, 0, 0, 0, 0, 0, 0, 0, 0, 0, 0, 0, 0, 0, 0, 0, 0, 0, 0, 0, 0, 0, 0, 0, 0, 0, 0, 0, 0, 0, 0, 0, 0, 0, 0, 0, 0, 0, 0, 0, 0, 0, 0, 0, 0, 0, 0, 0, 0, 0, 0, 0, 0, 0, 0, 0], "asf": [620.6902603947224, 565.6789494715681, 624.9020904261922, 694.8889687313765, 662.7494132815182, 665.3873248826039, 716.1139220850255, 739.875845574448, 666.9183330703371, 754.3668218676999, 698.7865135221016, 682.7672707984689, 758.9901774651969, 699.3793848079667, 687.342911550222, 729.9543143646781, 706.0873249941287, 673.0622342279162, 716.2398805464563, 736.6163270867107, 678.3280678485096, 697.4878299624354, 726.3523342905214, 651.3917858266923, 660.3142376004087, 727.5555661453227, 658.0163675275035, 703.2845545606008, 715.38639972103, 697.0827188069095, 729.1558697146564, 714.4341388874582, 667.9613163426563, 641.3938814486776, 749.7916274963366, 757.2316856561688, 636.2178594705156, 774.848453306026, 753.6582245833104, 684.4826870920241, 804.8730660737064, 762.9092451766452, 725.9858102776716, 808.6627271449578, 775.7525801096808, 749.6752088291792, 796.7683716389488, 739.0777693023856, 718.9725275946064, 815.4422852795166, 716.7823637165798, 776.2538782511758, 815.8376277906488, 808.8307895209748, 808.254167885234, 843.004754582049, 785.3326465532163, 792.3179050699482, 858.5839119441773, 783.3046289199331, 815.0282280667267, 821.875628161079, 791.97132777535, 752.4860253989686, 799.4357186798409, 847.4521251752766, 881.7213160522655, 871.5685731768378], "ptt": [11, 11, 3, 8, 5, 15, 3, 16, 1, 2, 7, 14, 16, 21, 2, 1, 13, 1, 5, 12, 15, 8, 7, 2, 1, 1, 11, 12, 8, 9, 2, 12, 18, 4, 7, 18, 16, 6, 14, 13, 1, 17, 10, 8, 3, 3, 3, 5, 18, 11, 1, 10, 4, 17, 1]}