{"bf": [431, 423, 413, 419, 394, 418, 430, 419, 427, 422, 421, 397, 417, 378, 406, 426, 435, 419, 420, 409, 415, 399, 416, 412, 404, 387, 386, 411, 419, 416, 381, 399, 415, 394, 411, 405, 421, 415, 439, 419, 429, 423, 419, 410, 398, 408, 400, 403, 342, 361, 388, 407], "bs": [111, 110, 128, 118, 125, 129, 120, 135, 130, 123, 106, 129, 139, 124, 104, 124, 135, 114, 119, 121, 111, 116, 114, 120, 114, 132, 97, 103, 132, 113, 133, 132, 133, 109, 129, 119, 124, 135, 127, 110, 125, 118, 127, 134, 118, 131, 112, 111, 118, 112, 126, 112], "sd": [0, 0, 0, 0, 0, 0, 0, 0, 0, 186, 0, 179, 0, 0, 0, 0, 0, 0, 0, 161, 0, 0, 0, 0, 0, 0, 0, 0, 0, 0, 0, 0, 0, 0, 0, 0, 0, 0, 0, 0, 0, 0, 0, 0, 0, 0, 0, 0, 0, 0, 0, 0], "df": [0, 0, 0, 0, 0, 0, 0, 0, 0, 113, 0, 89, 0, 0, 0, 0, 0, 0, 0, 127, 0, 0, 0, 0, 0, 0, 0, 0, 0, 0, 0, 0, 0, 0, 0, 0, 0, 0, 0, 0, 0, 0, 0, 0, 0, 0, 0, 0, 0, 0, 0, 0], "sf": [320, 313, 285, 301, 269, 289, 310, 284, 297, 299, 315, 268, 278, 254, 302, 302, 300, 305, 301, 288, 304, 283, 302, 292, 290, 255, 289, 308, 287, 303, 248, 267, 282, 285, 282, 286, 297, 280, 312, 309, 304, 305, 292, 276, 280, 277, 288, 292, 224, 249, 262, 295], "rr": [0, 0, 430, 441, 403, 398, 409, 5828, 414, 420, 405, -7067, 407, 358, 426, -10752, 11598, 414, 424, 422, 399, 420, 397, 422, 406, -14902, 15731, 352, 392, -16475, 17301, 400, -17701, 0, 380, 400, 391, 414, 401, 410, -21312, 407, 422, 434, 422, -24232, 426, 394, 411, 389, 399, 410, 336, 375, 374], "asd": [0, 0, 0, 0, 0, 0, 0, 0, 0, 494.199141692369, 0, 366.3473365496904, 0, 0, 0, 0, 0, 0, 0, 296.64388082138385, 0, 0, 0, 0, 0, 0, 0, 0, 0, 0, 0, 0, 0, 0, 0, 0, 0, 0, 0, 0, 0, 0, 0, 0, 0, 0, 0, 0, 0, 0, 0, 0], "asf": [604.165493463591, 561.0920175578658, 533.2257981079639, 621.9820720560446, 709.1245951598455, 791.9770352445555, 695.6627660596095, 620.131502764021, 698.6730124986846, 614.2430516266268, 717.7893234215637, 461.0243905564801, 754.0336909111945, 654.0893034541098, 620.1455339819234, 607.3793822304926, 598.9197950937978, 639.3026982568973, 652.6012633351835, 435.8332271117649, 668.2958632857342, 515.9213591404814, 644.5993310975138, 683.4992271430768, 746.5794426347003, 488.90082084110367, 660.7086880052295, 734.838609915824, 542.7181550203795, 716.5060680871763, 489.9486408608569, 732.1297287350967, 681.0935813250258, 763.3949721090112, 665.7540519070471, 695.0958564916156, 686.311126841503, 577.2859260027242, 595.9460257799415, 699.4718081359524, 650.3967103632331, 680.6598973145102, 644.6493506248071, 718.9976548220585, 670.657487020061, 626.4775540688607, 609.8974542017759, 612.3667038100759, 627.1660206011145, 577.4672350131434, 572.8523773010097, 607.703015761679], "ptt": [7, 4, 10, 16, 15, 15, 17, 9, 10, 4, 18, 5, 5, 24, 5, 3, 7, 7, 4, 1, 8, 10, 12, 8, 5, 8, 10]}