{"bf": [357, 363, 359, 354, 373, 384, 355, 409, 402, 408, 414, 342, 403, 409, 407, 422, 415, 406, 410, 429, 417, 410, 406, 405, 408, 357, 411, 413, 407, 407, 416, 422, 403, 408, 415, 401, 444, 416, 401, 354, 359, 365, 367, 371, 410, 372, 372, 376, 414, 413, 426, 419, 421, 414, 376, 419, 446, 437, 433, 429, 452, 430, 438, 453, 442, 433, 424, 426], "bs": [117, 120, 122, 127, 121, 106, 109, 117, 119, 113, 118, 121, 117, 128, 125, 121, 118, 125, 129, 142, 131, 115, 128, 141, 134, 141, 117, 115, 132, 120, 125, 119, 103, 132, 138, 131, 149, 119, 116, 121, 129, 121, 117, 120, 113, 88, 89, 113, 131, 132, 129, 125, 118, 124, 132, 123, 128, 127, 111, 127, 144, 123, 123, 133, 122, 114, 128, 128], "sd": [0, 0, 0, 0, 0, 0, 0, 0, 0, 0, 0, 0, 0, 0, 0, 0, 0, 0, 0, 0, 0, 0, 0, 0, 0, 0, 0, 0, 0, 0, 0, 0, 0, 0, 0, 0, 0, 0, 0, 0, 0, 0, 0, 0, 0, 0, 0, 0, 0, 0, 0, 0, 0, 0, 0, 0, 0, 0, 0, 0, 0, 0, 0, 0, 0, 0, 0, 0], "df": [0, 0, 0, 0, 0, 0, 0, 0, 0, 0, 0, 0, 0, 0, 0, 0, 0, 0, 0, 0, 0, 0, 0, 0, 0, 0, 0, 0, 0, 0, 0, 0, 0, 0, 0, 0, 0, 0, 0, 0, 0, 0, 0, 0, 0, 0, 0, 0, 0, 0, 0, 0, 0, 0, 0, 0, 0, 0, 0, 0, 0, 0, 0, 0, 0, 0, 0, 0], "sf": [240, 243, 237, 227, 252, 278, 246, 292, 283, 295, 296, 221, 286, 281, 282, 301, 297, 281, 281, 287, 286, 295, 278, 264, 274, 216, 294, 298, 275, 287, 291, 303, 300, 276, 277, 270, 295, 297, 285, 233, 230, 244, 250, 251, 297, 284, 283, 263, 283, 281, 297, 294, 303, 290, 244, 296, 318, 310, 322, 302, 308, 307, 315, 320, 320, 319, 296, 298], "rr": [360, 365, 364, 348, 358, -2287, 3030, 363, 411, 396, 413, 417, 338, 414, 406, 403, 419, 422, 410, 423, 418, 401, 423, 419, 398, 415, 333, 409, 430, 395, 412, 410, 406, 432, 414, 408, 419, 414, 413, 406, 362, 351, 361, 370, 364, 385, 373, 396, 415, 410, 422, 412, 427, 422, 367, 424, 445, 421, 449, 446, 431, 430, 448, 442, 434, 447, 424], "asd": [0, 0, 0, 0, 0, 0, 0, 0, 0, 0, 0, 0, 0, 0, 0, 0, 0, 0, 0, 0, 0, 0, 0, 0, 0, 0, 0, 0, 0, 0, 0, 0, 0, 0, 0, 0, 0, 0, 0, 0, 0, 0, 0, 0, 0, 0, 0, 0, 0, 0, 0, 0, 0, 0, 0, 0, 0, 0, 0, 0, 0, 0, 0, 0, 0, 0, 0, 0], "asf": [707.0359996639347, 737.1369335678673, 796.2067955791366, 684.22208363279, 654.0679508970862, 716.9566225188712, 728.4461505477487, 773.8429853846457, 698.0820625134791, 901.6982328223584, 808.6955008800676, 723.9573697913486, 745.6474046106393, 801.6643786738287, 761.4490170240967, 782.1041300550365, 848.7600720475278, 658.8835266406787, 710.3963237644764, 806.7159736212567, 860.2137711952885, 682.9633359201703, 816.6285522663976, 716.3031585374332, 741.1955602929738, 834.8085396045047, 681.1915166960761, 670.5177126376989, 714.6300183907503, 671.773563535218, 690.4391094360844, 785.9609407735273, 716.9590897484278, 745.1714088872559, 765.1325493110819, 715.5502678874489, 775.5482403060694, 747.3408238650766, 668.5707783211875, 729.9361080281583, 716.4295698607323, 688.101287678948, 727.1598613895742, 598.0287747947834, 705.9629959743984, 808.4714184611867, 581.8641287449825, 649.7178676403732, 632.87573376167, 660.2477373637767, 752.8027422091839, 676.6062575595465, 687.8245632115812, 698.8014140876181, 702.1928166498858, 624.0887386827795, 664.1425485105945, 672.1128481525417, 680.3625475624995, 742.1937977569927, 743.3780862587296, 692.0925047065257, 704.6021002563361, 745.5482143742323, 674.4455323221691, 737.6564949251406, 697.9300998668855, 657.9226403312562], "ptt": [3, 5, 1, 9, 7, 1, 1, 2, 3, 2, 8, 9, 7, 9, 9, 3, 8, 5, 1, 6, 6, 3, 3, 4, 3, 3, 8, 3, 2, 4, 7, 5, 3, 1, 12, 2, 3]}