{"bf": [501, 461, 505, 551, 489, 540, 505, 470, 531, 471, 501, 504, 482, 497, 527, 529, 505, 522, 450, 558, 440, 531, 564, 572, 556, 553, 565, 532, 549, 514, 535, 430, 531, 520, 427], "bs": [107, 92, 103, 117, 98, 100, 100, 102, 99, 96, 107, 108, 99, 97, 96, 95, 92, 100, 109, 95, 96, 93, 95, 95, 102, 105, 95, 101, 108, 102, 80, 71, 97, 106, 109], "sd": [0, 126, 113, 101, 95, 142, 129, 134, 125, 126, 118, 121, 91, 131, 0, 110, 0, 129, 86, 138, 109, 139, 0, 132, 115, 133, 143, 0, 125, 0, 140, 152, 0, 108, 0], "df": [0, 243, 289, 333, 296, 298, 276, 234, 307, 249, 276, 275, 292, 269, 0, 324, 0, 293, 255, 325, 235, 299, 0, 345, 339, 315, 327, 0, 316, 0, 315, 207, 0, 306, 0], "sf": [394, 369, 402, 434, 391, 440, 405, 368, 432, 375, 394, 396, 383, 400, 431, 434, 413, 422, 341, 463, 344, 438, 469, 477, 454, 448, 470, 431, 441, 412, 455, 359, 434, 414, 318], "rr": [486, 472, 519, 532, 491, 4230, 507, 467, 528, 482, 502, 495, 480, 496, -8187, 0, 0, 526, -11418, 12483, -12483, 13563, 14664, -14664, 0, 0, 533, 564, 559, 543, 571, 539, 492, 526, -25849, 0, 26892, -26892, 0, 0], "asd": [0, 227.2547421195501, 193.38595210402548, 200.1942516945296, 158.3377094140169, 204.69574348571211, 219.62448568962145, 306.93435393086475, 333.8379600983898, 284.8501610030478, 311.0229829425524, 303.5481656271686, 239.71210498101289, 236.54982539474076, 0, 242.90018425394624, 0, 249.44014699983643, 150.15558789754755, 230.04969918175664, 185.8980182878987, 297.4494875040032, 0, 175.7634991946867, 270.56005373461517, 293.1207896907839, 236.69670469040818, 0, 236.88579958313392, 0, 259.48175215502476, 274.10605381327025, 0, 193.5770527925215, 0], "asf": [729.7711107725235, 639.008455238538, 705.90153362949, 760.7701636497654, 605.977918133535, 742.3399015727539, 643.9170860984609, 766.2726404343691, 785.4550771009442, 654.3937188474811, 773.4078370948826, 808.9435294072919, 672.807163810574, 717.3532732520368, 675.1617866617894, 786.9090832450323, 750.859760553576, 735.7086583040139, 614.68545339195, 730.9183753090795, 538.5976083681294, 789.3063812716473, 774.3535679983121, 686.9221939141183, 781.0837787246304, 725.0600266936511, 721.4517542271186, 731.8789771369673, 690.5906815132656, 783.4777082152319, 762.9834916968069, 629.8815687447639, 737.5557531607319, 732.2277811504144, 562.487433165958], "ptt": [-20, -35, -9, -13, -27, -29, -15, -26, -7, -2, -29, -13, -18, -16, -14, -13, -14, -15, -39, -8, -9, -19, -19, -25, -11, -16, -21, -45, -10, -6, -43]}