{"bf": [504, 441, 475, 453, 444, 440, 438, 443, 472, 511, 454, 437, 474, 371, 484, 368, 453, 541, 430, 566, 547, 534, 559, 551, 369, 564, 445, 420, 451, 463, 420, 462, 464, 545, 391, 421, 559, 404, 427, 551, 423, 552, 551, 416, 415, 414, 466, 412, 577, 415, 463, 466, 586], "bs": [94, 103, 99, 97, 115, 101, 98, 85, 91, 108, 112, 92, 99, 105, 107, 94, 78, 97, 68, 100, 98, 98, 103, 107, 93, 104, 92, 99, 103, 100, 72, 104, 96, 96, 95, 97, 91, 105, 114, 99, 101, 97, 95, 99, 92, 99, 106, 102, 105, 106, 88, 102, 96], "sd": [99, 122, 108, 102, 126, 123, 131, 126, 145, 114, 114, 141, 121, 104, 222, 0, 0, 118, 146, 143, 99, 137, 133, 115, 105, 123, 155, 129, 128, 126, 144, 130, 166, 147, 141, 132, 137, 126, 116, 129, 111, 120, 129, 148, 127, 152, 114, 155, 138, 100, 142, 135, 0], "df": [311, 216, 268, 254, 203, 216, 209, 232, 236, 289, 228, 204, 254, 162, 155, 0, 0, 326, 216, 323, 350, 299, 323, 329, 171, 337, 198, 192, 220, 237, 204, 228, 202, 302, 155, 192, 331, 173, 197, 323, 211, 335, 327, 169, 196, 163, 246, 155, 334, 209, 233, 229, 0], "sf": [410, 338, 376, 356, 329, 339, 340, 358, 381, 403, 342, 345, 375, 266, 377, 274, 375, 444, 362, 466, 449, 436, 456, 444, 276, 460, 353, 321, 348, 363, 348, 358, 368, 449, 296, 324, 468, 299, 313, 452, 322, 455, 456, 317, 323, 315, 360, 310, 472, 309, 375, 364, 490], "rr": [767, 513, 437, 473, 471, -2661, 3506, 437, 425, 449, 489, 515, 434, 444, 480, 471, 472, 512, 564, 547, 539, 563, 537, 552, 544, 573, 0, 0, 553, 550, 555, 462, 578], "asd": [198.76450589663193, 184.54313625758186, 239.46274222868635, 215.91809082282612, 157.72976584166383, 257.12510518776435, 283.7482770273852, 253.22421596938915, 262.41214627270017, 208.13912564217662, 204.42514343817106, 266.72208506272204, 232.3669402779235, 216.28940612790518, 520.2040336039536, 0, 0, 188.72948632393286, 255.13627367605875, 241.27118971486414, 240.5885802117333, 237.34102773699942, 239.73087459802457, 224.5623019962701, 122.57261048438897, 220.71004225503668, 253.99596979104263, 259.5101791500431, 244.30417661367142, 218.90660170000604, 268.04803345222126, 226.7039423114319, 239.38605703647283, 278.50344516763244, 226.69066429958696, 236.8148096692414, 240.26913214082663, 253.1891497593124, 214.6365184547327, 202.98399545949724, 247.35471521849865, 268.001519919295, 235.6610848414955, 195.031985963858, 238.44588543754742, 248.81416589290575, 242.02403933030132, 222.32445843811536, 210.78444130802188, 225.00979893438114, 269.9767122917399, 257.65430213868376, 0], "asf": [678.7408705842429, 538.2242448368045, 647.1043788336654, 634.957204341484, 561.0012467215715, 627.2423435619246, 653.2725553425424, 617.3012000656158, 636.1266545768623, 695.8216801572174, 701.515882323757, 716.2344969103519, 722.2550679516138, 606.9657303733064, 695.7819509045456, 555.1933526831622, 543.389299440815, 705.3879378141014, 618.9339570936504, 806.4947586505843, 757.5224092488176, 718.8183608506341, 727.8530315903689, 740.182196082302, 446.4631243247985, 724.8835545921232, 588.736822093859, 550.5259456963723, 601.4611473430374, 587.9326438967812, 586.3655483679199, 570.8488757991122, 584.6514845581568, 684.810427204721, 535.2107277076211, 601.2263673137013, 758.6421908199653, 540.0175902936744, 546.0257061405828, 702.5032609912494, 568.8282921544883, 733.9331868976152, 740.814118925146, 538.8484281756724, 581.6698989337951, 573.5850982544796, 682.1337483792028, 530.3151959928832, 756.44437461046, 537.4327017406858, 617.8272124673526, 615.3914494369349, 764.4654686394199], "ptt": [-9, -18, -28, -18, -21, -9, -11, -20, -20, -4, -2, -11, -24, -10, -17, -28, -41, -36, -13, -30, -17, -10, -8, -1, -16, -26, -4, -15, -35, -31, -21, -34, -22, -8, -24, -18, -9, -9, -32, -10, -16, -19, -4, -12, -10, -17, -22, -31, -17, -38]}