{"bf": [296, 305, 289, 285, 296, 287, 273, 268, 288, 289, 301, 282, 286, 286, 276, 294, 310, 281, 289, 283, 282, 275, 286, 282, 287, 279, 278, 270, 278, 274, 262, 279, 267, 270, 247, 266, 276, 259, 268, 276, 283, 289, 298, 304, 305], "bs": [57, 61, 54, 60, 57, 54, 58, 61, 55, 55, 67, 58, 56, 56, 65, 59, 55, 58, 60, 57, 55, 57, 60, 47, 55, 56, 52, 56, 55, 57, 56, 55, 56, 56, 54, 52, 54, 61, 71, 58, 56, 62, 57, 60, 60], "sd": [79, 77, 79, 68, 83, 75, 70, 83, 88, 76, 86, 73, 79, 83, 70, 75, 92, 87, 82, 80, 79, 76, 79, 80, 76, 84, 91, 91, 85, 80, 82, 89, 81, 81, 81, 79, 82, 80, 81, 85, 80, 78, 84, 85, 82], "df": [160, 167, 156, 157, 156, 158, 145, 124, 145, 158, 148, 151, 151, 147, 141, 160, 163, 136, 147, 146, 148, 142, 147, 155, 156, 139, 135, 123, 138, 137, 124, 135, 130, 133, 112, 135, 140, 118, 116, 133, 147, 149, 157, 159, 163], "sf": [239, 244, 235, 225, 239, 233, 215, 207, 233, 234, 234, 224, 230, 230, 211, 235, 255, 223, 229, 226, 227, 218, 226, 235, 232, 223, 226, 214, 223, 217, 206, 224, 211, 214, 193, 214, 222, 198, 197, 218, 227, 227, 241, 244, 245], "rr": [300, 298, 295, 282, 293, 291, 276, 262, 301, 280, 286, 295, 270, 290, 313, 283, 286, 281, 278, 273, 290, 288, 275, 269, 280, 273, 261, 267, 245, 269, 255, 274, 289, 284, 304], "asd": [170.12612369989438, 80.45270346202608, 135.99525608648457, 152.66810353034896, 180.21920018603282, 176.61438038319432, 177.7793748622147, 107.78705425688383, 154.5849322831125, 178.2534216156971, 148.6527098257029, 128.60750310965568, 141.38778793082975, 153.7539674208549, 133.68953370846577, 157.62991250255197, 259.7309832176577, 143.8159292865156, 161.93920112423928, 166.1424558512315, 207.5785584082281, 153.06104526553497, 146.08565597321922, 147.74527802784542, 167.07285585699333, 167.5702965732088, 179.89480322421525, 223.82444593165314, 187.73317175949842, 168.98611025001128, 158.26142026934747, 71.0820235714807, 148.30464340598292, 151.4683970464406, 200.6427983673408, 210.24805444479261, 178.44654637932922, 102.3075933035243, 149.0393675248672, 138.2207303852956, 119.49161150115435, 144.45702948371252, 135.3798310040096, 97.06858978471098, 114.5711052326642], "asf": [757.1664567536994, 595.0053657071935, 599.198678290938, 677.2279898592008, 711.3644277669739, 638.8130565969598, 827.6597453616423, 459.015318102913, 532.7796033916268, 700.8087754032221, 627.5407891415409, 649.875586160558, 687.7029525245956, 577.0266311965843, 601.3914100013126, 690.6842858598657, 813.4401820443112, 505.1427108440098, 656.7419694996242, 696.5257489276207, 512.4085796232418, 559.0918791500548, 579.8958759647139, 573.3119474869845, 647.8392839583512, 600.9612183681137, 658.7239062398404, 633.202973282503, 602.9471610570648, 586.3495432509743, 598.4940464331636, 505.5111747950116, 590.3223701373377, 558.3939278550084, 568.5977154329613, 605.3397939707738, 638.4902338386602, 674.6115033617342, 565.3379493438105, 561.0011733464867, 515.3505568414009, 563.4063601570854, 598.3195719239048, 562.819265046615, 562.5484935202533], "ptt": [9, 17, 9, 8, 8, 19, 8, 14, 8, 11, 7, 9, 3, 11, 28, 10, 25, 3, 10, 3, 9, 13, 13, 10, 6, 16, 5, 4, 5, 7, 7, 13, 6, 7, 11, 15, 13, 12, 15, 13, 13, 9]}